id,Route_name,Route_link,Bus_name,Bus_type,departing_time,Duration,Reaching_time,Star_rating
1,Hyderabad to Vijayawada,https://www.redbus.in/bus-tickets/hyderabad-to-vijayawada,FRESHBUS,Electric A/C Seater (2+2),0 days 10:25:00,07h 30m,0 days 17:55:00,4.7
2,Hyderabad to Vijayawada,https://www.redbus.in/bus-tickets/hyderabad-to-vijayawada,FRESHBUS,Electric A/C Seater (2+2),0 days 11:20:00,07h 30m,0 days 18:50:00,4.7
3,Hyderabad to Vijayawada,https://www.redbus.in/bus-tickets/hyderabad-to-vijayawada,AdYolo Bus,Bharat Benz A/C Sleeper (2+1),0 days 19:40:00,06h 49m,0 days 02:29:00,4.6
4,Hyderabad to Vijayawada,https://www.redbus.in/bus-tickets/hyderabad-to-vijayawada,FRESHBUS,Electric A/C Seater (2+2),0 days 23:05:00,07h 10m,0 days 06:15:00,4.6
5,Hyderabad to Vijayawada,https://www.redbus.in/bus-tickets/hyderabad-to-vijayawada,FRESHBUS,Electric A/C Seater (2+2),0 days 22:10:00,07h 30m,0 days 05:40:00,4.6
6,Hyderabad to Vijayawada,https://www.redbus.in/bus-tickets/hyderabad-to-vijayawada,FRESHBUS,Electric A/C Seater (2+2),0 days 12:50:00,07h 10m,0 days 20:00:00,4.6
7,Hyderabad to Vijayawada,https://www.redbus.in/bus-tickets/hyderabad-to-vijayawada,AdIntrCity SmartBus,Bharat Benz A/C Seater /Sleeper (2+1),0 days 23:50:00,05h 45m,0 days 05:35:00,4.2
8,Hyderabad to Vijayawada,https://www.redbus.in/bus-tickets/hyderabad-to-vijayawada,FRESHBUS,Electric A/C Seater (2+2),0 days 04:35:00,06h 35m,0 days 11:10:00,4.6
9,Hyderabad to Vijayawada,https://www.redbus.in/bus-tickets/hyderabad-to-vijayawada,NueGo,Electric A/C Seater (2+2),0 days 22:30:00,07h 30m,0 days 06:00:00,4.5
10,Hyderabad to Vijayawada,https://www.redbus.in/bus-tickets/hyderabad-to-vijayawada,FRESHBUS,Electric A/C Seater (2+2),0 days 23:15:00,07h 15m,0 days 06:30:00,4.6
11,Hyderabad to Vijayawada,https://www.redbus.in/bus-tickets/hyderabad-to-vijayawada,FRESHBUS,Electric A/C Seater (2+2),0 days 23:35:00,07h 30m,0 days 07:05:00,4.6
12,Hyderabad to Vijayawada,https://www.redbus.in/bus-tickets/hyderabad-to-vijayawada,IntrCity SmartBus,AC Sleeper (2+1),0 days 23:30:00,07h 15m,0 days 06:45:00,4.6
13,Hyderabad to Vijayawada,https://www.redbus.in/bus-tickets/hyderabad-to-vijayawada,NueGo,Electric A/C Seater (2+2),0 days 06:00:00,06h 20m,0 days 12:20:00,4.5
14,Hyderabad to Vijayawada,https://www.redbus.in/bus-tickets/hyderabad-to-vijayawada,IntrCity SmartBus,A/C Seater / Sleeper (2+1),0 days 23:05:00,06h 15m,0 days 05:20:00,4.4
15,Hyderabad to Vijayawada,https://www.redbus.in/bus-tickets/hyderabad-to-vijayawada,IntrCity SmartBus,A/C Seater / Sleeper (2+1),0 days 23:05:00,06h 55m,0 days 06:00:00,4.4
16,Hyderabad to Vijayawada,https://www.redbus.in/bus-tickets/hyderabad-to-vijayawada,Sri KVR Travels,A/C Sleeper (2+1),0 days 23:35:00,05h 40m,0 days 05:15:00,4.5
17,Hyderabad to Vijayawada,https://www.redbus.in/bus-tickets/hyderabad-to-vijayawada,Svkdt travels,A/C Sleeper (2+1),0 days 23:35:00,06h 15m,0 days 05:50:00,4.4
18,Hyderabad to Vijayawada,https://www.redbus.in/bus-tickets/hyderabad-to-vijayawada,FRESHBUS,Electric A/C Seater (2+2),0 days 12:10:00,07h 30m,0 days 19:40:00,4.5
19,Hyderabad to Vijayawada,https://www.redbus.in/bus-tickets/hyderabad-to-vijayawada,NueGo,Electric A/C Seater (2+2),0 days 16:00:00,07h 00m,0 days 23:00:00,4.4
20,Hyderabad to Vijayawada,https://www.redbus.in/bus-tickets/hyderabad-to-vijayawada,Yolo Bus,A/C Sleeper (2+1),0 days 23:26:00,06h 38m,0 days 06:04:00,4.6
21,Hyderabad to Vijayawada,https://www.redbus.in/bus-tickets/hyderabad-to-vijayawada,IntrCity SmartBus,AC Sleeper (2+1),0 days 23:25:00,06h 40m,0 days 06:05:00,4.4
22,Hyderabad to Vijayawada,https://www.redbus.in/bus-tickets/hyderabad-to-vijayawada,IntrCity SmartBus,Scania AC Multi Axle Sleeper (2+1),0 days 23:59:00,06h 31m,0 days 06:30:00,4.4
23,Hyderabad to Vijayawada,https://www.redbus.in/bus-tickets/hyderabad-to-vijayawada,NueGo,Electric A/C Seater (2+2),0 days 05:00:00,06h 05m,0 days 11:05:00,4.4
24,Hyderabad to Vijayawada,https://www.redbus.in/bus-tickets/hyderabad-to-vijayawada,NueGo,Electric A/C Seater (2+2),0 days 22:35:00,06h 40m,0 days 05:15:00,4.4
25,Hyderabad to Vijayawada,https://www.redbus.in/bus-tickets/hyderabad-to-vijayawada,Zingbus Plus,A/C Seater / Sleeper (2+1),0 days 22:55:00,06h 35m,0 days 05:30:00,4.6
26,Hyderabad to Vijayawada,https://www.redbus.in/bus-tickets/hyderabad-to-vijayawada,NueGo,Electric A/C Seater/Sleeper (2+1),0 days 23:00:00,07h 00m,0 days 06:00:00,4.3
27,Hyderabad to Vijayawada,https://www.redbus.in/bus-tickets/hyderabad-to-vijayawada,Sri Sanvi Tours and Travels,A/C Sleeper (2+1),0 days 23:12:00,05h 41m,0 days 04:53:00,4.4
28,Hyderabad to Vijayawada,https://www.redbus.in/bus-tickets/hyderabad-to-vijayawada,Yolo Bus,Bharat Benz A/C Seater /Sleeper (2+1),0 days 06:55:00,05h 49m,0 days 12:44:00,4.8
29,Hyderabad to Vijayawada,https://www.redbus.in/bus-tickets/hyderabad-to-vijayawada,NueGo,A/C Seater (2+2),0 days 10:00:00,06h 25m,0 days 16:25:00,4.3
30,Hyderabad to Vijayawada,https://www.redbus.in/bus-tickets/hyderabad-to-vijayawada,IntrCity SmartBus,A/C Seater / Sleeper (2+1),0 days 23:45:00,06h 20m,0 days 06:05:00,4.3
31,Hyderabad to Vijayawada,https://www.redbus.in/bus-tickets/hyderabad-to-vijayawada,NueGo,Electric A/C Seater (2+2),0 days 23:50:00,06h 40m,0 days 06:30:00,4.3
32,Hyderabad to Vijayawada,https://www.redbus.in/bus-tickets/hyderabad-to-vijayawada,Yolo Bus,A/C Seater / Sleeper (2+1),0 days 22:46:00,06h 38m,0 days 05:24:00,4.3
33,Hyderabad to Vijayawada,https://www.redbus.in/bus-tickets/hyderabad-to-vijayawada,IntrCity SmartBus,A/C Seater / Sleeper (2+1),0 days 00:15:00,06h 10m,0 days 06:25:00,4.3
34,Hyderabad to Vijayawada,https://www.redbus.in/bus-tickets/hyderabad-to-vijayawada,NueGo,Electric A/C Seater/Sleeper (2+1),0 days 10:30:00,06h 35m,0 days 17:05:00,4.3
35,Hyderabad to Vijayawada,https://www.redbus.in/bus-tickets/hyderabad-to-vijayawada,Zingbus Plus,A/C Seater / Sleeper (2+1),0 days 23:30:00,06h 35m,0 days 06:05:00,4.2
36,Hyderabad to Vijayawada,https://www.redbus.in/bus-tickets/hyderabad-to-vijayawada,NueGo,Electric A/C Seater (2+2),0 days 22:30:00,07h 05m,0 days 05:35:00,4.2
37,Hyderabad to Vijayawada,https://www.redbus.in/bus-tickets/hyderabad-to-vijayawada,FRESHBUS,Electric A/C Seater (2+2),0 days 16:10:00,05h 40m,0 days 21:50:00,4.7
38,Hyderabad to Vijayawada,https://www.redbus.in/bus-tickets/hyderabad-to-vijayawada,NueGo,Electric A/C Seater (2+2),0 days 13:30:00,06h 40m,0 days 20:10:00,4.2
39,Hyderabad to Vijayawada,https://www.redbus.in/bus-tickets/hyderabad-to-vijayawada,NueGo,Electric A/C Seater/Sleeper (2+1),0 days 22:00:00,07h 10m,0 days 05:10:00,4.2
40,Hyderabad to Vijayawada,https://www.redbus.in/bus-tickets/hyderabad-to-vijayawada,Sri Durga Malleswari Travels,A/C Sleeper (2+1),0 days 23:10:00,06h 15m,0 days 05:25:00,4.3
41,Hyderabad to Vijayawada,https://www.redbus.in/bus-tickets/hyderabad-to-vijayawada,NueGo,Electric A/C Seater (2+2),0 days 12:00:00,06h 25m,0 days 18:25:00,4.2
42,Hyderabad to Vijayawada,https://www.redbus.in/bus-tickets/hyderabad-to-vijayawada,NueGo,Electric A/C Seater (2+2),0 days 23:15:00,07h 20m,0 days 06:35:00,4.4
43,Hyderabad to Vijayawada,https://www.redbus.in/bus-tickets/hyderabad-to-vijayawada,Tirumala Xpress,A/C Sleeper (2+1),0 days 23:00:00,06h 50m,0 days 05:50:00,4.1
44,Hyderabad to Vijayawada,https://www.redbus.in/bus-tickets/hyderabad-to-vijayawada,NueGo,Electric A/C Seater (2+2),0 days 11:30:00,06h 40m,0 days 18:10:00,4.3
45,Hyderabad to Vijayawada,https://www.redbus.in/bus-tickets/hyderabad-to-vijayawada,NueGo,Electric A/C Seater (2+2),0 days 15:00:00,06h 40m,0 days 21:40:00,4.1
46,Hyderabad to Vijayawada,https://www.redbus.in/bus-tickets/hyderabad-to-vijayawada,Svkdt travels,A/C Seater / Sleeper (2+1),0 days 23:35:00,05h 55m,0 days 05:30:00,4.1
47,Hyderabad to Vijayawada,https://www.redbus.in/bus-tickets/hyderabad-to-vijayawada,Sri Durga Malleswari Travels,A/C Sleeper (2+1),0 days 23:10:00,05h 25m,0 days 04:35:00,4.2
48,Hyderabad to Vijayawada,https://www.redbus.in/bus-tickets/hyderabad-to-vijayawada,IntrCity SmartBus,AC Sleeper (2+1),0 days 22:45:00,07h 05m,0 days 05:50:00,4.0
49,Hyderabad to Vijayawada,https://www.redbus.in/bus-tickets/hyderabad-to-vijayawada,NueGo,Electric A/C Seater (2+2),0 days 21:30:00,06h 50m,0 days 04:20:00,4.3
50,Hyderabad to Vijayawada,https://www.redbus.in/bus-tickets/hyderabad-to-vijayawada,Svkdt travels,A/C Sleeper (2+1),0 days 23:35:00,06h 15m,0 days 05:50:00,4.0
51,Hyderabad to Vijayawada,https://www.redbus.in/bus-tickets/hyderabad-to-vijayawada,Sri KVR Travels,Non A/C Seater / Sleeper (2+1),0 days 23:13:00,05h 07m,0 days 04:20:00,4.0
52,Hyderabad to Vijayawada,https://www.redbus.in/bus-tickets/hyderabad-to-vijayawada,NueGo,Electric A/C Seater (2+2),0 days 09:30:00,07h 40m,0 days 17:10:00,4.2
53,Hyderabad to Vijayawada,https://www.redbus.in/bus-tickets/hyderabad-to-vijayawada,IntrCity SmartBus,AC Sleeper (2+1),0 days 23:45:00,06h 40m,0 days 06:25:00,4.6
54,Hyderabad to Vijayawada,https://www.redbus.in/bus-tickets/hyderabad-to-vijayawada,Zingbus Plus,A/C Sleeper (2+1),0 days 16:10:00,08h 00m,0 days 00:10:00,4.0
55,Hyderabad to Vijayawada,https://www.redbus.in/bus-tickets/hyderabad-to-vijayawada,LVR Travels,Non A/C Seater / Sleeper (2+1),0 days 23:37:00,06h 08m,0 days 05:45:00,3.9
56,Hyderabad to Vijayawada,https://www.redbus.in/bus-tickets/hyderabad-to-vijayawada,NueGo,Electric A/C Seater (2+2),0 days 23:30:00,07h 00m,0 days 06:30:00,4.1
57,Hyderabad to Vijayawada,https://www.redbus.in/bus-tickets/hyderabad-to-vijayawada,Sri Durga Malleswari Travels,A/C Seater / Sleeper (2+1),0 days 21:00:00,07h 40m,0 days 04:40:00,4.0
58,Hyderabad to Vijayawada,https://www.redbus.in/bus-tickets/hyderabad-to-vijayawada,Go Tour Travels and Holidays,A/C Seater / Sleeper (2+1),0 days 22:48:00,05h 27m,0 days 04:15:00,4.4
59,Hyderabad to Vijayawada,https://www.redbus.in/bus-tickets/hyderabad-to-vijayawada,V Kaveri Travels,A/C Seater / Sleeper (2+1),0 days 23:00:00,05h 15m,0 days 04:15:00,3.8
60,Hyderabad to Vijayawada,https://www.redbus.in/bus-tickets/hyderabad-to-vijayawada,Orange Tours And Travels,NON A/C Seater/ Sleeper (2+1),0 days 23:00:00,06h 30m,0 days 05:30:00,3.7
61,Hyderabad to Vijayawada,https://www.redbus.in/bus-tickets/hyderabad-to-vijayawada,Orange Tours And Travels,A/C Sleeper (2+1),0 days 22:25:00,06h 20m,0 days 04:45:00,3.7
62,Hyderabad to Vijayawada,https://www.redbus.in/bus-tickets/hyderabad-to-vijayawada,Sri KVR Travels,A/C Sleeper (2+1),0 days 23:01:00,06h 30m,0 days 05:31:00,4.2
63,Hyderabad to Vijayawada,https://www.redbus.in/bus-tickets/hyderabad-to-vijayawada,LVP Travels,A/C Seater / Sleeper (2+1),0 days 22:19:00,06h 26m,0 days 04:45:00,3.7
64,Hyderabad to Vijayawada,https://www.redbus.in/bus-tickets/hyderabad-to-vijayawada,Anjani Bus,A/C Seater / Sleeper (2+1),0 days 21:15:00,07h 15m,0 days 04:30:00,3.6
65,Hyderabad to Vijayawada,https://www.redbus.in/bus-tickets/hyderabad-to-vijayawada,Sai RK Travels,Non A/C Seater / Sleeper (2+1),0 days 23:00:00,05h 35m,0 days 04:35:00,4.2
66,Hyderabad to Vijayawada,https://www.redbus.in/bus-tickets/hyderabad-to-vijayawada,Orange Tours And Travels,Bharat Benz A/C Sleeper (2+1),0 days 22:55:00,06h 50m,0 days 05:45:00,3.5
67,Hyderabad to Vijayawada,https://www.redbus.in/bus-tickets/hyderabad-to-vijayawada,BSR Tours And Travels,VE A/C Sleeper (2+1),0 days 22:00:00,06h 10m,0 days 04:10:00,4.2
68,Hyderabad to Vijayawada,https://www.redbus.in/bus-tickets/hyderabad-to-vijayawada,NueGo,Electric A/C Seater (2+2),0 days 22:00:00,07h 20m,0 days 05:20:00,4.2
69,Hyderabad to Vijayawada,https://www.redbus.in/bus-tickets/hyderabad-to-vijayawada,Morning Star Travels,A/C Sleeper (2+1),0 days 23:05:00,06h 15m,0 days 05:20:00,3.7
70,Hyderabad to Vijayawada,https://www.redbus.in/bus-tickets/hyderabad-to-vijayawada,Sri Venkata Padmavathi Travels,Non A/C Seater / Sleeper (2+1),0 days 21:45:00,08h 15m,0 days 06:00:00,3.7
71,Hyderabad to Vijayawada,https://www.redbus.in/bus-tickets/hyderabad-to-vijayawada,IntrCity SmartBus,A/C Seater / Sleeper (2+1),0 days 19:05:00,07h 55m,0 days 03:00:00,4.8
72,Hyderabad to Vijayawada,https://www.redbus.in/bus-tickets/hyderabad-to-vijayawada,IntrCity SmartBus,AC Sleeper (2+1),0 days 20:30:00,07h 00m,0 days 03:30:00,5.0
73,Hyderabad to Vijayawada,https://www.redbus.in/bus-tickets/hyderabad-to-vijayawada,Tirumala Travels,A/C Sleeper (2+1),0 days 22:08:00,06h 22m,0 days 04:30:00,4.5
74,Hyderabad to Vijayawada,https://www.redbus.in/bus-tickets/hyderabad-to-vijayawada,Holidays Tours and Travels,A/C Seater / Sleeper (2+1),0 days 22:30:00,05h 54m,0 days 04:24:00,4.9
75,Hyderabad to Vijayawada,https://www.redbus.in/bus-tickets/hyderabad-to-vijayawada,Kaveri Travels,Volvo Multi Axle A/C Sleeper I-Shift B11R (2+1),0 days 21:30:00,06h 00m,0 days 03:30:00,3.9
76,Hyderabad to Vijayawada,https://www.redbus.in/bus-tickets/hyderabad-to-vijayawada,Orange Tours And Travels,NON A/C Seater/ Sleeper (2+1),0 days 22:15:00,06h 10m,0 days 04:25:00,3.7
77,Hyderabad to Vijayawada,https://www.redbus.in/bus-tickets/hyderabad-to-vijayawada,Morning Star Travels,A/C Sleeper (2+1),0 days 23:20:00,06h 05m,0 days 05:25:00,3.8
78,Hyderabad to Vijayawada,https://www.redbus.in/bus-tickets/hyderabad-to-vijayawada,Mythri Tours And Travels,A/C Sleeper (2+1),0 days 19:15:00,07h 13m,0 days 02:28:00,4.5
79,Hyderabad to Vijayawada,https://www.redbus.in/bus-tickets/hyderabad-to-vijayawada,Nani Svkdt Travels,A/C Sleeper (2+1),0 days 23:20:00,05h 05m,0 days 04:25:00,3.6
80,Hyderabad to Vijayawada,https://www.redbus.in/bus-tickets/hyderabad-to-vijayawada,V Kaveri Travels,A/C Seater / Sleeper (2+1),0 days 23:00:00,06h 10m,0 days 05:10:00,4.0
81,Hyderabad to Vijayawada,https://www.redbus.in/bus-tickets/hyderabad-to-vijayawada,Orange Tours And Travels,NON A/C Seater/ Sleeper (2+1),0 days 23:00:00,06h 45m,0 days 05:45:00,3.0
82,Hyderabad to Vijayawada,https://www.redbus.in/bus-tickets/hyderabad-to-vijayawada,Orange Tours And Travels,Bharat Benz A/C Sleeper (2+1),0 days 22:55:00,06h 50m,0 days 05:45:00,3.1
83,Hyderabad to Vijayawada,https://www.redbus.in/bus-tickets/hyderabad-to-vijayawada,IntrCity SmartBus,VE A/C Seater / Sleeper (2+1),0 days 18:45:00,07h 25m,0 days 02:10:00,4.7
84,Hyderabad to Vijayawada,https://www.redbus.in/bus-tickets/hyderabad-to-vijayawada,Yolo Bus,Bharat Benz A/C Seater /Sleeper (2+1),0 days 15:20:00,05h 49m,0 days 21:09:00,3.9
85,Hyderabad to Vijayawada,https://www.redbus.in/bus-tickets/hyderabad-to-vijayawada,Nani Svkdt Travels,A/C Sleeper (2+1),0 days 23:20:00,05h 10m,0 days 04:30:00,4.1
86,Hyderabad to Vijayawada,https://www.redbus.in/bus-tickets/hyderabad-to-vijayawada,IntrCity SmartBus,A/C Seater / Sleeper (2+1),0 days 20:40:00,07h 55m,0 days 04:35:00,4.5
87,Hyderabad to Vijayawada,https://www.redbus.in/bus-tickets/hyderabad-to-vijayawada,Orange Tours And Travels,Bharat Benz A/C Sleeper (2+1),0 days 22:55:00,06h 20m,0 days 05:15:00,3.2
88,Hyderabad to Vijayawada,https://www.redbus.in/bus-tickets/hyderabad-to-vijayawada,Sai RK Travels,Non A/C Seater / Sleeper (2+1),0 days 22:55:00,05h 15m,0 days 04:10:00,4.1
89,Hyderabad to Vijayawada,https://www.redbus.in/bus-tickets/hyderabad-to-vijayawada,Zingbus Plus,A/C Sleeper (2+1),0 days 17:30:00,07h 15m,0 days 00:45:00,4.6
90,Hyderabad to Vijayawada,https://www.redbus.in/bus-tickets/hyderabad-to-vijayawada,Orange Tours And Travels,NON A/C Sleeper (2+1),0 days 22:55:00,06h 50m,0 days 05:45:00,3.2
91,Hyderabad to Vijayawada,https://www.redbus.in/bus-tickets/hyderabad-to-vijayawada,Royal Varma Travels,A/C Sleeper (2+1),0 days 22:37:00,06h 08m,0 days 04:45:00,3.9
92,Hyderabad to Vijayawada,https://www.redbus.in/bus-tickets/hyderabad-to-vijayawada,Prasanna Travels,A/C Seater / Sleeper (2+1),0 days 23:55:00,06h 20m,0 days 06:15:00,3.1
93,Hyderabad to Vijayawada,https://www.redbus.in/bus-tickets/hyderabad-to-vijayawada,Eswar Travels,A/C Seater / Sleeper (2+1),0 days 22:25:00,06h 05m,0 days 04:30:00,3.6
94,Hyderabad to Vijayawada,https://www.redbus.in/bus-tickets/hyderabad-to-vijayawada,Yolo Bus,Bharat Benz A/C Seater /Sleeper (2+1),0 days 23:20:00,05h 49m,0 days 05:09:00,4.0
95,Hyderabad to Vijayawada,https://www.redbus.in/bus-tickets/hyderabad-to-vijayawada,Kaveri Travels,Volvo Multi Axle A/C Sleeper I-Shift B11R (2+1),0 days 22:18:00,06h 17m,0 days 04:35:00,3.8
96,Hyderabad to Vijayawada,https://www.redbus.in/bus-tickets/hyderabad-to-vijayawada,Go Tour Travels and Holidays,A/C Sleeper (2+1),0 days 22:48:00,05h 27m,0 days 04:15:00,4.2
97,Hyderabad to Vijayawada,https://www.redbus.in/bus-tickets/hyderabad-to-vijayawada,Sri Sai Srinivasa Travels,Non A/C Seater / Sleeper (2+1),0 days 22:10:00,06h 20m,0 days 04:30:00,3.9
98,Hyderabad to Vijayawada,https://www.redbus.in/bus-tickets/hyderabad-to-vijayawada,LVR Travels,Non A/C Seater / Sleeper (2+1),0 days 22:13:00,06h 42m,0 days 04:55:00,4.5
99,Hyderabad to Vijayawada,https://www.redbus.in/bus-tickets/hyderabad-to-vijayawada,LG BUS,A/C Sleeper (2+1),0 days 21:15:00,06h 50m,0 days 04:05:00,4.5
100,Hyderabad to Vijayawada,https://www.redbus.in/bus-tickets/hyderabad-to-vijayawada,LG BUS,A/C Seater / Sleeper (2+1),0 days 21:15:00,06h 55m,0 days 04:10:00,3.4
101,Hyderabad to Vijayawada,https://www.redbus.in/bus-tickets/hyderabad-to-vijayawada,KTR TRAVELS,Non A/C Seater / Sleeper (2+1),0 days 17:00:00,05h 45m,0 days 22:45:00,4.6
102,Hyderabad to Vijayawada,https://www.redbus.in/bus-tickets/hyderabad-to-vijayawada,SUNRISE TOUR AND TRAVELS,Non A/C Seater / Sleeper (2+1),0 days 21:00:00,07h 00m,0 days 04:00:00,3.8
103,Hyderabad to Vijayawada,https://www.redbus.in/bus-tickets/hyderabad-to-vijayawada,NAVADISHA TRAVELS,A/C Seater / Sleeper (2+1),0 days 22:00:00,06h 10m,0 days 04:10:00,3.1
104,Hyderabad to Vijayawada,https://www.redbus.in/bus-tickets/hyderabad-to-vijayawada,Kakathiya Travels,NON A/C Sleeper (2+1),0 days 22:30:00,06h 00m,0 days 04:30:00,3.5
105,Hyderabad to Vijayawada,https://www.redbus.in/bus-tickets/hyderabad-to-vijayawada,Kakathiya Travels,NON AC Seater / Sleeper 2+1,0 days 22:30:00,06h 00m,0 days 04:30:00,3.4
106,Hyderabad to Vijayawada,https://www.redbus.in/bus-tickets/hyderabad-to-vijayawada,VLR Tours and Travels,Volvo Multi-Axle A/C Sleeper (2+1),0 days 22:00:00,02h 30m,0 days 00:30:00,4.7
107,Hyderabad to Vijayawada,https://www.redbus.in/bus-tickets/hyderabad-to-vijayawada,VLR Tours and Travels,Volvo Multi-Axle A/C Sleeper (2+1),0 days 22:00:00,02h 30m,0 days 00:30:00,4.5
108,Hyderabad to Vijayawada,https://www.redbus.in/bus-tickets/hyderabad-to-vijayawada,VLR Tours and Travels,Volvo Multi-Axle A/C Sleeper (2+1),0 days 22:00:00,02h 30m,0 days 00:30:00,4.5
109,Hyderabad to Vijayawada,https://www.redbus.in/bus-tickets/hyderabad-to-vijayawada,SAI SIMHAPURI TRAVELS,A/C Seater (2+2),0 days 06:00:00,06h 20m,0 days 12:20:00,4.2
110,Hyderabad to Vijayawada,https://www.redbus.in/bus-tickets/hyderabad-to-vijayawada,SAI SIMHAPURI TRAVELS,A/C Seater (2+2),0 days 23:00:00,06h 15m,0 days 05:15:00,4.7
111,Hyderabad to Vijayawada,https://www.redbus.in/bus-tickets/hyderabad-to-vijayawada,Sitara Travels,NON A/C Push Back (2+2),0 days 22:40:00,05h 20m,0 days 04:00:00,4.2
112,Hyderabad to Vijayawada,https://www.redbus.in/bus-tickets/hyderabad-to-vijayawada,V Kaveri Travels,Non A/C Seater / Sleeper (2+1),0 days 21:15:00,07h 15m,0 days 04:30:00,2.5
113,Hyderabad to Vijayawada,https://www.redbus.in/bus-tickets/hyderabad-to-vijayawada,Sri Sai Anjana Tours and Travels,Non A/C Seater / Sleeper (2+1),0 days 22:20:00,06h 05m,0 days 04:25:00,3.8
114,Hyderabad to Vijayawada,https://www.redbus.in/bus-tickets/hyderabad-to-vijayawada,V Kaveri Travels,A/C Sleeper (2+1),0 days 22:20:00,06h 10m,0 days 04:30:00,2.9
115,Hyderabad to Vijayawada,https://www.redbus.in/bus-tickets/hyderabad-to-vijayawada,Orange Tours And Travels,NON A/C Seater/ Sleeper (2+1),0 days 23:00:00,06h 30m,0 days 05:30:00,2.5
116,Hyderabad to Vijayawada,https://www.redbus.in/bus-tickets/hyderabad-to-vijayawada,Orange Tours And Travels,Volvo 9600 Multi-Axle A/C Sleeper (2+1),0 days 13:50:00,07h 25m,0 days 21:15:00,4.5
117,Hyderabad to Vijayawada,https://www.redbus.in/bus-tickets/hyderabad-to-vijayawada,Orange Tours And Travels,NON A/C Seater/ Sleeper (2+1),0 days 19:45:00,08h 10m,0 days 03:55:00,4.0
118,Hyderabad to Vijayawada,https://www.redbus.in/bus-tickets/hyderabad-to-vijayawada,SAMANVI CITICONNECT,Non A/C Seater / Sleeper (2+1),0 days 19:10:00,07h 20m,0 days 02:30:00,4.9
119,Hyderabad to Vijayawada,https://www.redbus.in/bus-tickets/hyderabad-to-vijayawada,Sri KVR Travels,Non A/C Seater / Sleeper (2+1),0 days 20:55:00,06h 30m,0 days 03:25:00,3.5
120,Hyderabad to Vijayawada,https://www.redbus.in/bus-tickets/hyderabad-to-vijayawada,Mayuri Travels,A/C Sleeper (2+1),0 days 22:00:00,05h 30m,0 days 03:30:00,4.6
121,Hyderabad to Vijayawada,https://www.redbus.in/bus-tickets/hyderabad-to-vijayawada,IntrCity SmartBus,AC Sleeper (2+1),0 days 17:15:00,07h 05m,0 days 00:20:00,4.3
122,Hyderabad to Vijayawada,https://www.redbus.in/bus-tickets/hyderabad-to-vijayawada,BSR Tours And Travels,A/C Seater / Sleeper (2+1),0 days 19:10:00,07h 20m,0 days 02:30:00,3.7
123,Hyderabad to Vijayawada,https://www.redbus.in/bus-tickets/hyderabad-to-vijayawada,Komali Travels,Non A/C Seater / Sleeper (2+1),0 days 21:00:00,07h 30m,0 days 04:30:00,3.9
124,Hyderabad to Vijayawada,https://www.redbus.in/bus-tickets/hyderabad-to-vijayawada,Orange Tours And Travels,Bharat Benz A/C Seater /Sleeper (2+1),0 days 22:55:00,06h 50m,0 days 05:45:00,4.3
125,Hyderabad to Vijayawada,https://www.redbus.in/bus-tickets/hyderabad-to-vijayawada,V Kaveri Travels,Non A/C Seater / Sleeper (2+1),0 days 22:25:00,06h 05m,0 days 04:30:00,4.1
126,Hyderabad to Vijayawada,https://www.redbus.in/bus-tickets/hyderabad-to-vijayawada,Orange Tours And Travels,NON A/C Seater/ Sleeper (2+1),0 days 19:45:00,08h 10m,0 days 03:55:00,3.6
127,Hyderabad to Vijayawada,https://www.redbus.in/bus-tickets/hyderabad-to-vijayawada,Venkteshwara Travels,A/C Sleeper (2+1),0 days 05:45:00,05h 00m,0 days 10:45:00,2.6
128,Hyderabad to Vijayawada,https://www.redbus.in/bus-tickets/hyderabad-to-vijayawada,Mythri Tours And Travels,A/C Sleeper (2+1),0 days 22:00:00,06h 05m,0 days 04:05:00,3.2
129,Hyderabad to Vijayawada,https://www.redbus.in/bus-tickets/hyderabad-to-vijayawada,Sai Srinivasa Travels,A/C Sleeper (2+1),0 days 22:35:00,05h 40m,0 days 04:15:00,3.9
130,Hyderabad to Vijayawada,https://www.redbus.in/bus-tickets/hyderabad-to-vijayawada,Mozo travels,A/C Sleeper (2+1),0 days 18:21:00,06h 49m,0 days 01:10:00,4.1
131,Hyderabad to Vijayawada,https://www.redbus.in/bus-tickets/hyderabad-to-vijayawada,Morning Star Travels,NON A/C Sleeper (2+1),0 days 23:05:00,06h 05m,0 days 05:10:00,4.3
132,Hyderabad to Vijayawada,https://www.redbus.in/bus-tickets/hyderabad-to-vijayawada,Sri KVR Travels,Non A/C Seater / Sleeper (2+1),0 days 21:20:00,06h 15m,0 days 03:35:00,3.9
133,Hyderabad to Vijayawada,https://www.redbus.in/bus-tickets/hyderabad-to-vijayawada,PRK Travels,Non A/C Seater / Sleeper (2+1),0 days 20:15:00,09h 00m,0 days 05:15:00,2.7
134,Hyderabad to Vijayawada,https://www.redbus.in/bus-tickets/hyderabad-to-vijayawada,V Kaveri Travels,A/C Seater / Sleeper (2+1),0 days 16:20:00,06h 55m,0 days 23:15:00,3.2
135,Hyderabad to Vijayawada,https://www.redbus.in/bus-tickets/hyderabad-to-vijayawada,Navayuga Travels,NON AC Seater / Sleeper 2+1,0 days 21:50:00,06h 20m,0 days 04:10:00,3.3
136,Hyderabad to Vijayawada,https://www.redbus.in/bus-tickets/hyderabad-to-vijayawada,V Kaveri Travels,Non A/C Seater / Sleeper (2+1),0 days 16:20:00,06h 55m,0 days 23:15:00,3.8
137,Hyderabad to Vijayawada,https://www.redbus.in/bus-tickets/hyderabad-to-vijayawada,Sai Srinivasa Travels,Non A/C Seater / Sleeper (2+1),0 days 21:30:00,06h 35m,0 days 04:05:00,3.9
138,Hyderabad to Vijayawada,https://www.redbus.in/bus-tickets/hyderabad-to-vijayawada,LVP Travels,A/C Seater / Sleeper (2+1),0 days 21:55:00,06h 25m,0 days 04:20:00,2.4
139,Hyderabad to Vijayawada,https://www.redbus.in/bus-tickets/hyderabad-to-vijayawada,Morning Star Travels,A/C Sleeper (2+1),0 days 06:10:00,05h 20m,0 days 11:30:00,4.2
140,Hyderabad to Vijayawada,https://www.redbus.in/bus-tickets/hyderabad-to-vijayawada,Chandu Travels,A/C Seater / Sleeper (2+1),0 days 22:45:00,05h 45m,0 days 04:30:00,4.2
141,Hyderabad to Vijayawada,https://www.redbus.in/bus-tickets/hyderabad-to-vijayawada,KVR Tours and Travels,A/C Seater / Sleeper (2+1),0 days 21:55:00,06h 20m,0 days 04:15:00,4.3
142,Hyderabad to Vijayawada,https://www.redbus.in/bus-tickets/hyderabad-to-vijayawada,Ramana Tours And Travels,NON AC Seater / Sleeper 2+1,0 days 22:15:00,06h 30m,0 days 04:45:00,4.2
143,Hyderabad to Vijayawada,https://www.redbus.in/bus-tickets/hyderabad-to-vijayawada,BSR Tours And Travels,VE A/C Sleeper (2+1),0 days 22:00:00,06h 20m,0 days 04:20:00,3.7
144,Hyderabad to Vijayawada,https://www.redbus.in/bus-tickets/hyderabad-to-vijayawada,V Kaveri Travels,Non A/C Seater / Sleeper (2+1),0 days 22:20:00,06h 25m,0 days 04:45:00,1.7
145,Hyderabad to Vijayawada,https://www.redbus.in/bus-tickets/hyderabad-to-vijayawada,Orange Tours And Travels,NON A/C Seater/ Sleeper (2+1),0 days 23:05:00,07h 20m,0 days 06:25:00,4.0
146,Hyderabad to Vijayawada,https://www.redbus.in/bus-tickets/hyderabad-to-vijayawada,Orange Tours And Travels,Volvo 9600 Multi-Axle A/C Sleeper (2+1),0 days 22:15:00,06h 20m,0 days 04:35:00,3.6
147,Hyderabad to Vijayawada,https://www.redbus.in/bus-tickets/hyderabad-to-vijayawada,KKaveri Travels,Non A/C Seater / Sleeper (2+1),0 days 18:15:00,07h 45m,0 days 02:00:00,4.0
148,Hyderabad to Vijayawada,https://www.redbus.in/bus-tickets/hyderabad-to-vijayawada,Ramana Tours And Travels,A/C Seater / Sleeper (2+1),0 days 21:55:00,06h 55m,0 days 04:50:00,3.2
149,Hyderabad to Vijayawada,https://www.redbus.in/bus-tickets/hyderabad-to-vijayawada,Mayuri Travels,Non A/C Seater / Sleeper (2+1),0 days 22:10:00,05h 50m,0 days 04:00:00,3.6
150,Hyderabad to Vijayawada,https://www.redbus.in/bus-tickets/hyderabad-to-vijayawada,Orange Tours And Travels,A/C Sleeper (2+1),0 days 23:00:00,06h 15m,0 days 05:15:00,3.4
151,Hyderabad to Vijayawada,https://www.redbus.in/bus-tickets/hyderabad-to-vijayawada,Sri Rama Travels,Non A/C Seater / Sleeper (2+1),0 days 22:40:00,05h 35m,0 days 04:15:00,2.3
152,Hyderabad to Vijayawada,https://www.redbus.in/bus-tickets/hyderabad-to-vijayawada,Sri Sai Anjana Tours and Travels,Non A/C Seater / Sleeper (2+1),0 days 21:00:00,06h 45m,0 days 03:45:00,3.0
153,Hyderabad to Vijayawada,https://www.redbus.in/bus-tickets/hyderabad-to-vijayawada,Sri Rama Travels,A/C Seater / Sleeper (2+1),0 days 22:25:00,05h 50m,0 days 04:15:00,3.6
154,Hyderabad to Vijayawada,https://www.redbus.in/bus-tickets/hyderabad-to-vijayawada,Jayanthi Travels,Non A/C Seater / Sleeper (2+1),0 days 20:55:00,06h 55m,0 days 03:50:00,3.6
155,Hyderabad to Vijayawada,https://www.redbus.in/bus-tickets/hyderabad-to-vijayawada,V Kaveri Travels,Non A/C Seater / Sleeper (2+1),0 days 22:20:00,06h 45m,0 days 05:05:00,2.8
156,Hyderabad to Vijayawada,https://www.redbus.in/bus-tickets/hyderabad-to-vijayawada,Orange Tours and Travels Grand,A/C Sleeper (2+1),0 days 05:35:00,05h 25m,0 days 11:00:00,2.3
157,Hyderabad to Vijayawada,https://www.redbus.in/bus-tickets/hyderabad-to-vijayawada,Eswar Travels,Non A/C Seater / Sleeper (2+1),0 days 22:20:00,06h 15m,0 days 04:35:00,2.7
158,Hyderabad to Vijayawada,https://www.redbus.in/bus-tickets/hyderabad-to-vijayawada,LVP Travels,A/C Seater / Sleeper (2+1),0 days 21:50:00,06h 30m,0 days 04:20:00,2.4
159,Hyderabad to Vijayawada,https://www.redbus.in/bus-tickets/hyderabad-to-vijayawada,Sri Shivanjaneya Travels,A/C Seater / Sleeper (2+1),0 days 22:57:00,05h 33m,0 days 04:30:00,2.2
160,Hyderabad to Vijayawada,https://www.redbus.in/bus-tickets/hyderabad-to-vijayawada,Orange Tours And Travels,A/C Seater / Sleeper (2+1),0 days 17:00:00,08h 00m,0 days 01:00:00,3.1
161,Hyderabad to Vijayawada,https://www.redbus.in/bus-tickets/hyderabad-to-vijayawada,RAMK HOLIDAYS (GMRK TOURS AND TRAVELS),Bharat Benz A/C Sleeper (2+1),0 days 04:00:00,04h 15m,0 days 08:15:00,3.1
162,Hyderabad to Vijayawada,https://www.redbus.in/bus-tickets/hyderabad-to-vijayawada,Komali Travels,A/C Seater / Sleeper (2+1),0 days 22:10:00,05h 50m,0 days 04:00:00,2.9
163,Hyderabad to Vijayawada,https://www.redbus.in/bus-tickets/hyderabad-to-vijayawada,Orange Tours And Travels,A/C Sleeper (2+1),0 days 22:20:00,06h 15m,0 days 04:35:00,4.7
164,Hyderabad to Vijayawada,https://www.redbus.in/bus-tickets/hyderabad-to-vijayawada,Orange Tours And Travels,NON A/C Seater/ Sleeper (2+1),0 days 17:50:00,08h 25m,0 days 02:15:00,4.6
165,Hyderabad to Vijayawada,https://www.redbus.in/bus-tickets/hyderabad-to-vijayawada,Sri Sai Anjana Tours and Travels,Non A/C Seater / Sleeper (2+1),0 days 19:46:00,07h 06m,0 days 02:52:00,4.6
166,Hyderabad to Vijayawada,https://www.redbus.in/bus-tickets/hyderabad-to-vijayawada,BSR Tours And Travels,A/C Seater / Sleeper (2+1),0 days 18:05:00,07h 45m,0 days 01:50:00,4.1
167,Hyderabad to Vijayawada,https://www.redbus.in/bus-tickets/hyderabad-to-vijayawada,Sri KVR Travels,Non A/C Seater / Sleeper (2+1),0 days 22:15:00,05h 15m,0 days 03:30:00,4.7
168,Hyderabad to Vijayawada,https://www.redbus.in/bus-tickets/hyderabad-to-vijayawada,Morning Star Travels,A/C Sleeper (2+1),0 days 23:05:00,05h 55m,0 days 05:00:00,4.7
169,Hyderabad to Vijayawada,https://www.redbus.in/bus-tickets/hyderabad-to-vijayawada,Sai RK Travels,Non A/C Seater / Sleeper (2+1),0 days 22:35:00,05h 55m,0 days 04:30:00,4.8
170,Hyderabad to Vijayawada,https://www.redbus.in/bus-tickets/hyderabad-to-vijayawada,Naniâ€™s Sai Krishna Travels,Non A/C Seater / Sleeper (2+1),0 days 22:17:00,05h 13m,0 days 03:30:00,4.7
171,Hyderabad to Vijayawada,https://www.redbus.in/bus-tickets/hyderabad-to-vijayawada,Orange Tours And Travels,NON A/C Sleeper (2+1),0 days 19:30:00,06h 30m,0 days 02:00:00,4.7
172,Hyderabad to Vijayawada,https://www.redbus.in/bus-tickets/hyderabad-to-vijayawada,KVR Tours and Travels,A/C Sleeper (2+1),0 days 20:30:00,05h 35m,0 days 02:05:00,4.6
173,Hyderabad to Vijayawada,https://www.redbus.in/bus-tickets/hyderabad-to-vijayawada,Ajay Bus,Non A/C Seater / Sleeper (2+1),0 days 22:45:00,05h 55m,0 days 04:40:00,4.5
174,Hyderabad to Vijayawada,https://www.redbus.in/bus-tickets/hyderabad-to-vijayawada,Sri KVR Travels,Non A/C Seater / Sleeper (2+1),0 days 19:00:00,07h 05m,0 days 02:05:00,4.6
175,Vijayawada to Hyderabad,https://www.redbus.in/bus-tickets/vijayawada-to-hyderabad,IntrCity SmartBus,A/C Seater / Sleeper (2+1),0 days 23:25:00,06h 50m,0 days 06:15:00,4.5
176,Vijayawada to Hyderabad,https://www.redbus.in/bus-tickets/vijayawada-to-hyderabad,IntrCity SmartBus,Bharat Benz A/C Seater /Sleeper (2+1),0 days 23:45:00,06h 15m,0 days 06:00:00,4.5
177,Vijayawada to Hyderabad,https://www.redbus.in/bus-tickets/vijayawada-to-hyderabad,IntrCity SmartBus,A/C Seater / Sleeper (2+1),0 days 22:45:00,07h 00m,0 days 05:45:00,4.7
178,Vijayawada to Hyderabad,https://www.redbus.in/bus-tickets/vijayawada-to-hyderabad,AdSai RK Travels,Non A/C Seater / Sleeper (2+1),0 days 22:10:00,07h 20m,0 days 05:30:00,4.5
179,Vijayawada to Hyderabad,https://www.redbus.in/bus-tickets/vijayawada-to-hyderabad,FRESHBUS,Electric A/C Seater (2+2),0 days 23:05:00,05h 40m,0 days 04:45:00,4.5
180,Vijayawada to Hyderabad,https://www.redbus.in/bus-tickets/vijayawada-to-hyderabad,FRESHBUS,Electric A/C Seater (2+2),0 days 11:40:00,08h 45m,0 days 20:25:00,4.5
181,Vijayawada to Hyderabad,https://www.redbus.in/bus-tickets/vijayawada-to-hyderabad,IntrCity SmartBus,AC Sleeper (2+1),0 days 23:45:00,06h 15m,0 days 06:00:00,4.4
182,Vijayawada to Hyderabad,https://www.redbus.in/bus-tickets/vijayawada-to-hyderabad,FRESHBUS,Electric A/C Seater (2+2),0 days 10:00:00,05h 40m,0 days 15:40:00,4.4
183,Vijayawada to Hyderabad,https://www.redbus.in/bus-tickets/vijayawada-to-hyderabad,Sri Sanvi Tours and Travels,A/C Sleeper (2+1),0 days 23:25:00,05h 52m,0 days 05:17:00,4.4
184,Vijayawada to Hyderabad,https://www.redbus.in/bus-tickets/vijayawada-to-hyderabad,FRESHBUS,Electric A/C Seater (2+2),0 days 17:30:00,05h 40m,0 days 23:10:00,4.6
185,Vijayawada to Hyderabad,https://www.redbus.in/bus-tickets/vijayawada-to-hyderabad,Zingbus Plus,A/C Seater / Sleeper (2+1),0 days 22:50:00,06h 55m,0 days 05:45:00,4.4
186,Vijayawada to Hyderabad,https://www.redbus.in/bus-tickets/vijayawada-to-hyderabad,FRESHBUS,Electric A/C Seater (2+2),0 days 05:20:00,07h 40m,0 days 13:00:00,4.5
187,Vijayawada to Hyderabad,https://www.redbus.in/bus-tickets/vijayawada-to-hyderabad,NueGo,Electric A/C Seater (2+2),0 days 22:30:00,07h 30m,0 days 06:00:00,4.4
188,Vijayawada to Hyderabad,https://www.redbus.in/bus-tickets/vijayawada-to-hyderabad,FRESHBUS,Electric A/C Seater (2+2),0 days 12:30:00,07h 25m,0 days 19:55:00,4.4
189,Vijayawada to Hyderabad,https://www.redbus.in/bus-tickets/vijayawada-to-hyderabad,FRESHBUS,Electric A/C Seater (2+2),0 days 16:30:00,05h 40m,0 days 22:10:00,4.4
190,Vijayawada to Hyderabad,https://www.redbus.in/bus-tickets/vijayawada-to-hyderabad,IntrCity SmartBus,AC Sleeper (2+1),0 days 23:40:00,06h 50m,0 days 06:30:00,4.4
191,Vijayawada to Hyderabad,https://www.redbus.in/bus-tickets/vijayawada-to-hyderabad,Yolo Bus,A/C Seater / Sleeper (2+1),0 days 23:24:00,06h 19m,0 days 05:43:00,4.3
192,Vijayawada to Hyderabad,https://www.redbus.in/bus-tickets/vijayawada-to-hyderabad,IntrCity SmartBus,AC Sleeper (2+1),0 days 23:10:00,06h 25m,0 days 05:35:00,4.3
193,Vijayawada to Hyderabad,https://www.redbus.in/bus-tickets/vijayawada-to-hyderabad,NueGo,Electric A/C Seater (2+2),0 days 22:35:00,06h 35m,0 days 05:10:00,4.5
194,Vijayawada to Hyderabad,https://www.redbus.in/bus-tickets/vijayawada-to-hyderabad,NueGo,A/C Seater (2+2),0 days 21:50:00,06h 15m,0 days 04:05:00,4.6
195,Vijayawada to Hyderabad,https://www.redbus.in/bus-tickets/vijayawada-to-hyderabad,IntrCity SmartBus,VE A/C Seater / Sleeper (2+1),0 days 23:25:00,06h 15m,0 days 05:40:00,4.5
196,Vijayawada to Hyderabad,https://www.redbus.in/bus-tickets/vijayawada-to-hyderabad,FRESHBUS,Electric A/C Seater (2+2),0 days 22:50:00,05h 40m,0 days 04:30:00,4.6
197,Vijayawada to Hyderabad,https://www.redbus.in/bus-tickets/vijayawada-to-hyderabad,NueGo,Electric A/C Seater (2+2),0 days 09:35:00,07h 25m,0 days 17:00:00,4.3
198,Vijayawada to Hyderabad,https://www.redbus.in/bus-tickets/vijayawada-to-hyderabad,Yolo Bus,A/C Sleeper (2+1),0 days 22:40:00,06h 19m,0 days 04:59:00,4.2
199,Vijayawada to Hyderabad,https://www.redbus.in/bus-tickets/vijayawada-to-hyderabad,FRESHBUS,Electric A/C Seater (2+2),0 days 23:20:00,05h 40m,0 days 05:00:00,4.2
200,Vijayawada to Hyderabad,https://www.redbus.in/bus-tickets/vijayawada-to-hyderabad,IntrCity SmartBus,A/C Seater / Sleeper (2+1),0 days 23:50:00,06h 20m,0 days 06:10:00,4.2
201,Vijayawada to Hyderabad,https://www.redbus.in/bus-tickets/vijayawada-to-hyderabad,RAMK HOLIDAYS (GMRK TOURS AND TRAVELS),Volvo A/C Semi Sleeper (2+2),0 days 23:45:00,06h 25m,0 days 06:10:00,4.2
202,Vijayawada to Hyderabad,https://www.redbus.in/bus-tickets/vijayawada-to-hyderabad,Sri Durga Malleswari Travels,A/C Sleeper (2+1),0 days 22:30:00,07h 15m,0 days 05:45:00,4.1
203,Vijayawada to Hyderabad,https://www.redbus.in/bus-tickets/vijayawada-to-hyderabad,IntrCity SmartBus,Scania AC Multi Axle Sleeper (2+1),0 days 23:30:00,06h 25m,0 days 05:55:00,4.1
204,Vijayawada to Hyderabad,https://www.redbus.in/bus-tickets/vijayawada-to-hyderabad,NueGo,Electric A/C Seater (2+2),0 days 04:30:00,07h 30m,0 days 12:00:00,4.8
205,Vijayawada to Hyderabad,https://www.redbus.in/bus-tickets/vijayawada-to-hyderabad,NueGo,Electric A/C Seater (2+2),0 days 23:59:00,07h 13m,0 days 07:12:00,4.2
206,Vijayawada to Hyderabad,https://www.redbus.in/bus-tickets/vijayawada-to-hyderabad,FRESHBUS,Electric A/C Seater (2+2),0 days 11:10:00,05h 40m,0 days 16:50:00,4.0
207,Vijayawada to Hyderabad,https://www.redbus.in/bus-tickets/vijayawada-to-hyderabad,FRESHBUS,Electric A/C Seater (2+2),0 days 21:50:00,05h 40m,0 days 03:30:00,4.2
208,Vijayawada to Hyderabad,https://www.redbus.in/bus-tickets/vijayawada-to-hyderabad,Zingbus Plus,A/C Seater / Sleeper (2+1),0 days 23:40:00,06h 20m,0 days 06:00:00,4.2
209,Vijayawada to Hyderabad,https://www.redbus.in/bus-tickets/vijayawada-to-hyderabad,NueGo,Electric A/C Seater/Sleeper (2+1),0 days 10:05:00,07h 45m,0 days 17:50:00,4.2
210,Vijayawada to Hyderabad,https://www.redbus.in/bus-tickets/vijayawada-to-hyderabad,NueGo,Electric A/C Seater (2+2),0 days 14:35:00,07h 25m,0 days 22:00:00,4.5
211,Vijayawada to Hyderabad,https://www.redbus.in/bus-tickets/vijayawada-to-hyderabad,NueGo,Electric A/C Seater (2+2),0 days 06:30:00,07h 25m,0 days 13:55:00,4.1
212,Vijayawada to Hyderabad,https://www.redbus.in/bus-tickets/vijayawada-to-hyderabad,Sri KVR Travels,A/C Sleeper (2+1),0 days 23:45:00,05h 50m,0 days 05:35:00,4.2
213,Vijayawada to Hyderabad,https://www.redbus.in/bus-tickets/vijayawada-to-hyderabad,Svkdt travels,A/C Sleeper (2+1),0 days 23:00:00,06h 50m,0 days 05:50:00,3.9
214,Vijayawada to Hyderabad,https://www.redbus.in/bus-tickets/vijayawada-to-hyderabad,NueGo,Electric A/C Seater (2+2),0 days 11:35:00,07h 25m,0 days 19:00:00,3.9
215,Vijayawada to Hyderabad,https://www.redbus.in/bus-tickets/vijayawada-to-hyderabad,NueGo,Electric A/C Seater/Sleeper (2+1),0 days 21:30:00,07h 50m,0 days 05:20:00,4.0
216,Vijayawada to Hyderabad,https://www.redbus.in/bus-tickets/vijayawada-to-hyderabad,BSR Tours And Travels,VE A/C Sleeper (2+1),0 days 23:50:00,06h 25m,0 days 06:15:00,3.9
217,Vijayawada to Hyderabad,https://www.redbus.in/bus-tickets/vijayawada-to-hyderabad,NueGo,Electric A/C Seater (2+2),0 days 22:45:00,07h 12m,0 days 05:57:00,4.3
218,Vijayawada to Hyderabad,https://www.redbus.in/bus-tickets/vijayawada-to-hyderabad,NueGo,Electric A/C Seater/Sleeper (2+1),0 days 23:00:00,07h 30m,0 days 06:30:00,3.8
219,Vijayawada to Hyderabad,https://www.redbus.in/bus-tickets/vijayawada-to-hyderabad,Sri Durga Malleswari Travels,A/C Sleeper (2+1),0 days 22:30:00,07h 25m,0 days 05:55:00,3.9
220,Vijayawada to Hyderabad,https://www.redbus.in/bus-tickets/vijayawada-to-hyderabad,Sri Durga Malleswari Travels,A/C Seater / Sleeper (2+1),0 days 22:40:00,06h 50m,0 days 05:30:00,4.4
221,Vijayawada to Hyderabad,https://www.redbus.in/bus-tickets/vijayawada-to-hyderabad,Sri KVR Travels,Non A/C Seater / Sleeper (2+1),0 days 23:30:00,06h 15m,0 days 05:45:00,4.2
222,Vijayawada to Hyderabad,https://www.redbus.in/bus-tickets/vijayawada-to-hyderabad,Sri Sai Srinivasa Travels,Non A/C Seater / Sleeper (2+1),0 days 22:00:00,06h 57m,0 days 04:57:00,4.5
223,Vijayawada to Hyderabad,https://www.redbus.in/bus-tickets/vijayawada-to-hyderabad,V Kaveri Travels,A/C Seater / Sleeper (2+1),0 days 23:05:00,06h 52m,0 days 05:57:00,4.3
224,Vijayawada to Hyderabad,https://www.redbus.in/bus-tickets/vijayawada-to-hyderabad,IntrCity SmartBus,AC Sleeper (2+1),0 days 22:30:00,07h 10m,0 days 05:40:00,4.2
225,Vijayawada to Hyderabad,https://www.redbus.in/bus-tickets/vijayawada-to-hyderabad,NueGo,Electric A/C Seater (2+2),0 days 16:00:00,06h 42m,0 days 22:42:00,3.5
226,Vijayawada to Hyderabad,https://www.redbus.in/bus-tickets/vijayawada-to-hyderabad,NueGo,Electric A/C Seater (2+2),0 days 13:00:00,06h 42m,0 days 19:42:00,3.7
227,Vijayawada to Hyderabad,https://www.redbus.in/bus-tickets/vijayawada-to-hyderabad,Anjani Bus,A/C Seater / Sleeper (2+1),0 days 23:15:00,06h 32m,0 days 05:47:00,3.9
228,Vijayawada to Hyderabad,https://www.redbus.in/bus-tickets/vijayawada-to-hyderabad,Tirumala Xpress,A/C Sleeper (2+1),0 days 23:20:00,06h 50m,0 days 06:10:00,3.5
229,Vijayawada to Hyderabad,https://www.redbus.in/bus-tickets/vijayawada-to-hyderabad,NueGo,A/C Seater (2+2),0 days 08:40:00,07h 20m,0 days 16:00:00,4.3
230,Vijayawada to Hyderabad,https://www.redbus.in/bus-tickets/vijayawada-to-hyderabad,Svkdt travels,A/C Sleeper (2+1),0 days 23:20:00,06h 54m,0 days 06:14:00,4.2
231,Vijayawada to Hyderabad,https://www.redbus.in/bus-tickets/vijayawada-to-hyderabad,Svkdt travels,A/C Seater / Sleeper (2+1),0 days 22:45:00,06h 55m,0 days 05:40:00,4.5
232,Vijayawada to Hyderabad,https://www.redbus.in/bus-tickets/vijayawada-to-hyderabad,Yolo Bus,Bharat Benz A/C Seater /Sleeper (2+1),0 days 06:45:00,06h 10m,0 days 12:55:00,4.1
233,Vijayawada to Hyderabad,https://www.redbus.in/bus-tickets/vijayawada-to-hyderabad,NueGo,Electric A/C Seater (2+2),0 days 11:30:00,06h 52m,0 days 18:22:00,4.7
234,Vijayawada to Hyderabad,https://www.redbus.in/bus-tickets/vijayawada-to-hyderabad,LVP Travels,A/C Seater / Sleeper (2+1),0 days 22:57:00,06h 33m,0 days 05:30:00,3.8
235,Vijayawada to Hyderabad,https://www.redbus.in/bus-tickets/vijayawada-to-hyderabad,V Kaveri Travels,A/C Seater / Sleeper (2+1),0 days 22:55:00,07h 07m,0 days 06:02:00,3.3
236,Vijayawada to Hyderabad,https://www.redbus.in/bus-tickets/vijayawada-to-hyderabad,Yolo Bus,Bharat Benz A/C Seater /Sleeper (2+1),0 days 22:39:00,06h 10m,0 days 04:49:00,4.1
237,Vijayawada to Hyderabad,https://www.redbus.in/bus-tickets/vijayawada-to-hyderabad,Venkteshwara Travels,A/C Sleeper (2+1),0 days 15:20:00,05h 40m,0 days 21:00:00,3.4
238,Vijayawada to Hyderabad,https://www.redbus.in/bus-tickets/vijayawada-to-hyderabad,Morning Star Travels,A/C Sleeper (2+1),0 days 22:40:00,07h 10m,0 days 05:50:00,4.1
239,Vijayawada to Hyderabad,https://www.redbus.in/bus-tickets/vijayawada-to-hyderabad,Royal Varma Travels,A/C Sleeper (2+1),0 days 22:28:00,06h 49m,0 days 05:17:00,4.0
240,Vijayawada to Hyderabad,https://www.redbus.in/bus-tickets/vijayawada-to-hyderabad,Orange Tours And Travels,NON A/C Sleeper (2+1),0 days 23:10:00,06h 52m,0 days 06:02:00,3.7
241,Vijayawada to Hyderabad,https://www.redbus.in/bus-tickets/vijayawada-to-hyderabad,V Kaveri Travels,Non A/C Seater / Sleeper (2+1),0 days 22:45:00,06h 15m,0 days 05:00:00,3.4
242,Vijayawada to Hyderabad,https://www.redbus.in/bus-tickets/vijayawada-to-hyderabad,Kaveri Travels,Volvo Multi Axle A/C Sleeper I-Shift B11R (2+1),0 days 23:57:00,06h 28m,0 days 06:25:00,3.3
243,Vijayawada to Hyderabad,https://www.redbus.in/bus-tickets/vijayawada-to-hyderabad,Holidays Tours and Travels,A/C Seater / Sleeper (2+1),0 days 23:45:00,06h 04m,0 days 05:49:00,3.9
244,Vijayawada to Hyderabad,https://www.redbus.in/bus-tickets/vijayawada-to-hyderabad,Zingbus Plus,A/C Sleeper (2+1),0 days 23:55:00,06h 35m,0 days 06:30:00,3.2
245,Vijayawada to Hyderabad,https://www.redbus.in/bus-tickets/vijayawada-to-hyderabad,Sai Srinivasa Travels,Non A/C Seater / Sleeper (2+1),0 days 22:05:00,06h 55m,0 days 05:00:00,3.2
246,Vijayawada to Hyderabad,https://www.redbus.in/bus-tickets/vijayawada-to-hyderabad,Sri KVR Travels,NON A/C Sleeper (2+1),0 days 23:20:00,06h 05m,0 days 05:25:00,4.3
247,Vijayawada to Hyderabad,https://www.redbus.in/bus-tickets/vijayawada-to-hyderabad,Orange Tours And Travels,Bharat Benz A/C Sleeper (2+1),0 days 23:45:00,06h 30m,0 days 06:15:00,3.1
248,Vijayawada to Hyderabad,https://www.redbus.in/bus-tickets/vijayawada-to-hyderabad,Sai Srinivasa Travels,Non A/C Seater / Sleeper (2+1),0 days 22:15:00,07h 30m,0 days 05:45:00,3.1
249,Vijayawada to Hyderabad,https://www.redbus.in/bus-tickets/vijayawada-to-hyderabad,Sri Venkata Padmavathi Travels,Non A/C Seater / Sleeper (2+1),0 days 22:20:00,07h 42m,0 days 06:02:00,4.9
250,Vijayawada to Hyderabad,https://www.redbus.in/bus-tickets/vijayawada-to-hyderabad,LG BUS,A/C Seater / Sleeper (2+1),0 days 23:55:00,06h 13m,0 days 06:08:00,5.0
251,Vijayawada to Hyderabad,https://www.redbus.in/bus-tickets/vijayawada-to-hyderabad,KTR TRAVELS,Non A/C Seater / Sleeper (2+1),0 days 23:45:00,06h 15m,0 days 06:00:00,4.5
252,Vijayawada to Hyderabad,https://www.redbus.in/bus-tickets/vijayawada-to-hyderabad,Sri Ganga Travels,A/C Seater / Sleeper (2+1),0 days 22:45:00,05h 50m,0 days 04:35:00,4.1
253,Vijayawada to Hyderabad,https://www.redbus.in/bus-tickets/vijayawada-to-hyderabad,SUNRISE TOUR AND TRAVELS,Non A/C Seater / Sleeper (2+1),0 days 23:59:00,06h 01m,0 days 06:00:00,4.6
254,Vijayawada to Hyderabad,https://www.redbus.in/bus-tickets/vijayawada-to-hyderabad,NAVADISHA TRAVELS,A/C Seater / Sleeper (2+1),0 days 00:20:00,04h 40m,0 days 05:00:00,3.6
255,Vijayawada to Hyderabad,https://www.redbus.in/bus-tickets/vijayawada-to-hyderabad,SUNRISE TOUR AND TRAVELS,Non A/C Seater / Sleeper (2+1),0 days 23:59:00,06h 31m,0 days 06:30:00,3.8
256,Vijayawada to Hyderabad,https://www.redbus.in/bus-tickets/vijayawada-to-hyderabad,SAI SIMHAPURI TRAVELS,A/C Seater (2+2),0 days 23:15:00,06h 00m,0 days 05:15:00,4.6
257,Vijayawada to Hyderabad,https://www.redbus.in/bus-tickets/vijayawada-to-hyderabad,SAI SIMHAPURI TRAVELS,A/C Sleeper (2+1),0 days 23:00:00,06h 15m,0 days 05:15:00,4.1
258,Vijayawada to Hyderabad,https://www.redbus.in/bus-tickets/vijayawada-to-hyderabad,Eswar Travels,A/C Seater / Sleeper (2+1),0 days 22:35:00,07h 15m,0 days 05:50:00,3.9
259,Vijayawada to Hyderabad,https://www.redbus.in/bus-tickets/vijayawada-to-hyderabad,NueGo,Electric A/C Seater (2+2),0 days 23:35:00,06h 52m,0 days 06:27:00,4.0
260,Vijayawada to Hyderabad,https://www.redbus.in/bus-tickets/vijayawada-to-hyderabad,Nani Svkdt Travels,A/C Sleeper (2+1),0 days 23:20:00,06h 06m,0 days 05:26:00,3.8
261,Vijayawada to Hyderabad,https://www.redbus.in/bus-tickets/vijayawada-to-hyderabad,Orange Tours And Travels,Bharat Benz A/C Sleeper (2+1),0 days 23:15:00,06h 30m,0 days 05:45:00,5.0
262,Vijayawada to Hyderabad,https://www.redbus.in/bus-tickets/vijayawada-to-hyderabad,Orange Tours And Travels,Bharat Benz A/C Sleeper (2+1),0 days 23:55:00,06h 20m,0 days 06:15:00,3.8
263,Vijayawada to Hyderabad,https://www.redbus.in/bus-tickets/vijayawada-to-hyderabad,IntrCity SmartBus,A/C Seater / Sleeper (2+1),0 days 01:05:00,05h 55m,0 days 07:00:00,3.4
264,Vijayawada to Hyderabad,https://www.redbus.in/bus-tickets/vijayawada-to-hyderabad,Morning Star Travels,A/C Sleeper (2+1),0 days 23:10:00,06h 25m,0 days 05:35:00,4.2
265,Vijayawada to Hyderabad,https://www.redbus.in/bus-tickets/vijayawada-to-hyderabad,NueGo,Electric A/C Seater (2+2),0 days 23:50:00,07h 22m,0 days 07:12:00,4.2
266,Vijayawada to Hyderabad,https://www.redbus.in/bus-tickets/vijayawada-to-hyderabad,IntrCity SmartBus,A/C Seater / Sleeper (2+1),0 days 01:35:00,05h 55m,0 days 07:30:00,3.0
267,Vijayawada to Hyderabad,https://www.redbus.in/bus-tickets/vijayawada-to-hyderabad,Prasanna Travels,A/C Seater / Sleeper (2+1),0 days 15:40:00,06h 50m,0 days 22:30:00,4.2
268,Vijayawada to Hyderabad,https://www.redbus.in/bus-tickets/vijayawada-to-hyderabad,Moonlight Travels,A/C Sleeper (2+1),0 days 23:20:00,06h 10m,0 days 05:30:00,3.8
269,Vijayawada to Hyderabad,https://www.redbus.in/bus-tickets/vijayawada-to-hyderabad,LG BUS,A/C Sleeper (2+1),0 days 23:45:00,06h 18m,0 days 06:03:00,3.5
270,Vijayawada to Hyderabad,https://www.redbus.in/bus-tickets/vijayawada-to-hyderabad,Eswar Travels,Non A/C Seater / Sleeper (2+1),0 days 23:20:00,06h 27m,0 days 05:47:00,2.3
271,Vijayawada to Hyderabad,https://www.redbus.in/bus-tickets/vijayawada-to-hyderabad,Zingbus Plus,A/C Sleeper (2+1),0 days 01:15:00,06h 25m,0 days 07:40:00,3.1
272,Vijayawada to Hyderabad,https://www.redbus.in/bus-tickets/vijayawada-to-hyderabad,Sai Srinivasa Travels,A/C Sleeper (2+1),0 days 22:35:00,07h 10m,0 days 05:45:00,4.0
273,Vijayawada to Hyderabad,https://www.redbus.in/bus-tickets/vijayawada-to-hyderabad,Mythri Tours And Travels,A/C Sleeper (2+1),0 days 01:00:00,05h 42m,0 days 06:42:00,3.8
274,Vijayawada to Hyderabad,https://www.redbus.in/bus-tickets/vijayawada-to-hyderabad,Go Tour Travels and Holidays,A/C Seater / Sleeper (2+1),0 days 23:55:00,06h 10m,0 days 06:05:00,3.8
275,Kakinada to Visakhapatnam,https://www.redbus.in/bus-tickets/Kakinada to Visakhapatnam,APSRTC - 2538,"SUPER LUXURY (NON-AC, 2 + 2 PUSH BACK)",0 days 00:15:00,04h 00m,0 days 04:15:00,3.7
276,Kakinada to Visakhapatnam,https://www.redbus.in/bus-tickets/Kakinada to Visakhapatnam,APSRTC - 2837,"SUPER LUXURY (NON-AC, 2 + 2 PUSH BACK)",0 days 00:30:00,03h 00m,0 days 03:30:00,3.8
277,Kakinada to Visakhapatnam,https://www.redbus.in/bus-tickets/Kakinada to Visakhapatnam,APSRTC - 23551,"SUPER LUXURY (NON-AC, 2 + 2 PUSH BACK)",0 days 00:45:00,04h 00m,0 days 04:45:00,3.8
278,Kakinada to Visakhapatnam,https://www.redbus.in/bus-tickets/Kakinada to Visakhapatnam,APSRTC - 2536,INDRA(A.C. Seater),0 days 01:15:00,03h 15m,0 days 04:30:00,3.7
279,Kakinada to Visakhapatnam,https://www.redbus.in/bus-tickets/Kakinada to Visakhapatnam,APSRTC - 23537,"SUPER LUXURY (NON-AC, 2 + 2 PUSH BACK)",0 days 01:30:00,04h 30m,0 days 06:00:00,3.8
280,Kakinada to Visakhapatnam,https://www.redbus.in/bus-tickets/Kakinada to Visakhapatnam,APSRTC - 3712,"SUPER LUXURY (NON-AC, 2 + 2 PUSH BACK)",0 days 01:45:00,04h 10m,0 days 05:55:00,3.6
281,Kakinada to Visakhapatnam,https://www.redbus.in/bus-tickets/Kakinada to Visakhapatnam,APSRTC - 24263,"SUPER LUXURY (NON-AC, 2 + 2 PUSH BACK)",0 days 02:00:00,03h 00m,0 days 05:00:00,3.8
282,Kakinada to Visakhapatnam,https://www.redbus.in/bus-tickets/Kakinada to Visakhapatnam,APSRTC - 3714,"SUPER LUXURY (NON-AC, 2 + 2 PUSH BACK)",0 days 03:25:00,03h 55m,0 days 07:20:00,3.8
283,Kakinada to Visakhapatnam,https://www.redbus.in/bus-tickets/Kakinada to Visakhapatnam,APSRTC - 2651,"SUPER LUXURY (NON-AC, 2 + 2 PUSH BACK)",0 days 04:00:00,03h 00m,0 days 07:00:00,3.8
284,Kakinada to Visakhapatnam,https://www.redbus.in/bus-tickets/Kakinada to Visakhapatnam,APSRTC - 2653,"SUPER LUXURY (NON-AC, 2 + 2 PUSH BACK)",0 days 04:40:00,03h 00m,0 days 07:40:00,4.5
285,Kakinada to Visakhapatnam,https://www.redbus.in/bus-tickets/Kakinada to Visakhapatnam,APSRTC - 2855,"ULTRA DELUXE (NON-AC, 2+2 PUSH BACK)",0 days 05:00:00,04h 30m,0 days 09:30:00,3.8
286,Kakinada to Visakhapatnam,https://www.redbus.in/bus-tickets/Kakinada to Visakhapatnam,APSRTC - 2214,"SUPER LUXURY (NON-AC, 2 + 2 PUSH BACK)",0 days 05:15:00,04h 30m,0 days 09:45:00,4.3
287,Kakinada to Visakhapatnam,https://www.redbus.in/bus-tickets/Kakinada to Visakhapatnam,APSRTC - 2659,INDRA(A.C. Seater),0 days 05:20:00,03h 00m,0 days 08:20:00,3.8
288,Kakinada to Visakhapatnam,https://www.redbus.in/bus-tickets/Kakinada to Visakhapatnam,APSRTC - 23547,"SUPER LUXURY (NON-AC, 2 + 2 PUSH BACK)",0 days 05:45:00,04h 30m,0 days 10:15:00,3.1
289,Kakinada to Visakhapatnam,https://www.redbus.in/bus-tickets/Kakinada to Visakhapatnam,APSRTC - 2889,"SUPER LUXURY (NON-AC, 2 + 2 PUSH BACK)",0 days 06:00:00,03h 00m,0 days 09:00:00,3.4
290,Kakinada to Visakhapatnam,https://www.redbus.in/bus-tickets/Kakinada to Visakhapatnam,APSRTC - 2530,"SUPER LUXURY (NON-AC, 2 + 2 PUSH BACK)",0 days 06:15:00,04h 30m,0 days 10:45:00,3.8
291,Kakinada to Visakhapatnam,https://www.redbus.in/bus-tickets/Kakinada to Visakhapatnam,APSRTC - 3328,"SUPER LUXURY (NON-AC, 2 + 2 PUSH BACK)",0 days 06:30:00,04h 30m,0 days 11:00:00,3.8
292,Kakinada to Visakhapatnam,https://www.redbus.in/bus-tickets/Kakinada to Visakhapatnam,APSRTC - 2657,"SUPER LUXURY (NON-AC, 2 + 2 PUSH BACK)",0 days 06:40:00,03h 00m,0 days 09:40:00,3.8
293,Kakinada to Visakhapatnam,https://www.redbus.in/bus-tickets/Kakinada to Visakhapatnam,APSRTC - 3330,"SUPER LUXURY (NON-AC, 2 + 2 PUSH BACK)",0 days 07:00:00,04h 30m,0 days 11:30:00,3.8
294,Kakinada to Visakhapatnam,https://www.redbus.in/bus-tickets/Kakinada to Visakhapatnam,APSRTC - 23889,"ULTRA DELUXE (NON-AC, 2+2 PUSH BACK)",0 days 07:00:00,03h 40m,0 days 10:40:00,3.8
295,Kakinada to Visakhapatnam,https://www.redbus.in/bus-tickets/Kakinada to Visakhapatnam,APSRTC - 2655,INDRA(A.C. Seater),0 days 07:20:00,03h 00m,0 days 10:20:00,3.8
296,Kakinada to Visakhapatnam,https://www.redbus.in/bus-tickets/Kakinada to Visakhapatnam,APSRTC - 24267,"SUPER LUXURY (NON-AC, 2 + 2 PUSH BACK)",0 days 07:45:00,03h 45m,0 days 11:30:00,3.8
297,Kakinada to Visakhapatnam,https://www.redbus.in/bus-tickets/Kakinada to Visakhapatnam,APSRTC - 23891,"SUPER LUXURY (NON-AC, 2 + 2 PUSH BACK)",0 days 08:00:00,03h 20m,0 days 11:20:00,4.0
298,Kakinada to Visakhapatnam,https://www.redbus.in/bus-tickets/Kakinada to Visakhapatnam,APSRTC - 2661,"SUPER LUXURY (NON-AC, 2 + 2 PUSH BACK)",0 days 08:00:00,03h 00m,0 days 11:00:00,4.1
299,Kakinada to Visakhapatnam,https://www.redbus.in/bus-tickets/Kakinada to Visakhapatnam,APSRTC - 3235,"ULTRA DELUXE (NON-AC, 2+2 PUSH BACK)",0 days 08:25:00,04h 15m,0 days 12:40:00,3.8
300,Kakinada to Visakhapatnam,https://www.redbus.in/bus-tickets/Kakinada to Visakhapatnam,APSRTC - 2663,"SUPER LUXURY (NON-AC, 2 + 2 PUSH BACK)",0 days 08:40:00,03h 00m,0 days 11:40:00,3.3
301,Kakinada to Visakhapatnam,https://www.redbus.in/bus-tickets/Kakinada to Visakhapatnam,APSRTC - 2578,"SUPER LUXURY (NON-AC, 2 + 2 PUSH BACK)",0 days 08:45:00,04h 15m,0 days 13:00:00,3.9
302,Kakinada to Visakhapatnam,https://www.redbus.in/bus-tickets/Kakinada to Visakhapatnam,APSRTC - 2580,"SUPER LUXURY (NON-AC, 2 + 2 PUSH BACK)",0 days 09:00:00,03h 30m,0 days 12:30:00,3.8
303,Kakinada to Visakhapatnam,https://www.redbus.in/bus-tickets/Kakinada to Visakhapatnam,APSRTC - 2767,"SUPER LUXURY (NON-AC, 2 + 2 PUSH BACK)",0 days 09:00:00,04h 45m,0 days 13:45:00,4.4
304,Kakinada to Visakhapatnam,https://www.redbus.in/bus-tickets/Kakinada to Visakhapatnam,APSRTC - 2665,"SUPER LUXURY (NON-AC, 2 + 2 PUSH BACK)",0 days 09:20:00,03h 00m,0 days 12:20:00,3.9
305,Kakinada to Visakhapatnam,https://www.redbus.in/bus-tickets/Kakinada to Visakhapatnam,APSRTC - 3097,"SUPER LUXURY (NON-AC, 2 + 2 PUSH BACK)",0 days 09:45:00,04h 22m,0 days 14:07:00,2.6
306,Kakinada to Visakhapatnam,https://www.redbus.in/bus-tickets/Kakinada to Visakhapatnam,APSRTC - 3334,"SUPER LUXURY (NON-AC, 2 + 2 PUSH BACK)",0 days 10:00:00,03h 01m,0 days 13:01:00,3.8
307,Kakinada to Visakhapatnam,https://www.redbus.in/bus-tickets/Kakinada to Visakhapatnam,APSRTC - 24283,"SUPER LUXURY (NON-AC, 2 + 2 PUSH BACK)",0 days 10:10:00,03h 30m,0 days 13:40:00,3.0
308,Kakinada to Visakhapatnam,https://www.redbus.in/bus-tickets/Kakinada to Visakhapatnam,APSRTC - 8308,"ULTRA DELUXE (NON-AC, 2+2 PUSH BACK)",0 days 10:15:00,03h 30m,0 days 13:45:00,3.8
309,Kakinada to Visakhapatnam,https://www.redbus.in/bus-tickets/Kakinada to Visakhapatnam,APSRTC - 27085,METRO LUXURY A/C,0 days 10:20:00,04h 10m,0 days 14:30:00,3.1
310,Kakinada to Visakhapatnam,https://www.redbus.in/bus-tickets/Kakinada to Visakhapatnam,APSRTC - 2531,"SUPER LUXURY (NON-AC, 2 + 2 PUSH BACK)",0 days 10:30:00,04h 30m,0 days 15:00:00,3.8
311,Kakinada to Visakhapatnam,https://www.redbus.in/bus-tickets/Kakinada to Visakhapatnam,APSRTC - 23531,"SUPER LUXURY (NON-AC, 2 + 2 PUSH BACK)",0 days 10:50:00,04h 40m,0 days 15:30:00,3.8
312,Kakinada to Visakhapatnam,https://www.redbus.in/bus-tickets/Kakinada to Visakhapatnam,APSRTC - 3322,"SUPER LUXURY (NON-AC, 2 + 2 PUSH BACK)",0 days 11:10:00,04h 05m,0 days 15:15:00,3.6
313,Kakinada to Visakhapatnam,https://www.redbus.in/bus-tickets/Kakinada to Visakhapatnam,APSRTC - 4862,"SUPER LUXURY (NON-AC, 2 + 2 PUSH BACK)",0 days 11:15:00,03h 45m,0 days 15:00:00,3.8
314,Kakinada to Visakhapatnam,https://www.redbus.in/bus-tickets/Kakinada to Visakhapatnam,APSRTC - 3338,"SUPER LUXURY (NON-AC, 2 + 2 PUSH BACK)",0 days 11:20:00,03h 01m,0 days 14:21:00,4.1
315,Kakinada to Visakhapatnam,https://www.redbus.in/bus-tickets/Kakinada to Visakhapatnam,APSRTC - 4985,"SUPER LUXURY (NON-AC, 2 + 2 PUSH BACK)",0 days 11:45:00,03h 30m,0 days 15:15:00,3.8
316,Kakinada to Visakhapatnam,https://www.redbus.in/bus-tickets/Kakinada to Visakhapatnam,APSRTC - 2835,"SUPER LUXURY (NON-AC, 2 + 2 PUSH BACK)",0 days 12:00:00,03h 50m,0 days 15:50:00,3.3
317,Kakinada to Visakhapatnam,https://www.redbus.in/bus-tickets/Kakinada to Visakhapatnam,APSRTC - 2539,"SUPER LUXURY (NON-AC, 2 + 2 PUSH BACK)",0 days 12:30:00,04h 15m,0 days 16:45:00,3.8
318,Kakinada to Visakhapatnam,https://www.redbus.in/bus-tickets/Kakinada to Visakhapatnam,APSRTC - 27153,METRO LUXURY A/C,0 days 12:45:00,03h 05m,0 days 15:50:00,3.5
319,Kakinada to Visakhapatnam,https://www.redbus.in/bus-tickets/Kakinada to Visakhapatnam,APSRTC - 24277,"SUPER LUXURY (NON-AC, 2 + 2 PUSH BACK)",0 days 13:00:00,03h 30m,0 days 16:30:00,3.9
320,Kakinada to Visakhapatnam,https://www.redbus.in/bus-tickets/Kakinada to Visakhapatnam,APSRTC - 2540,"SUPER LUXURY (NON-AC, 2 + 2 PUSH BACK)",0 days 13:15:00,04h 30m,0 days 17:45:00,3.4
321,Kakinada to Visakhapatnam,https://www.redbus.in/bus-tickets/Kakinada to Visakhapatnam,APSRTC - 2817,"SUPER LUXURY (NON-AC, 2 + 2 PUSH BACK)",0 days 13:30:00,03h 00m,0 days 16:30:00,3.8
322,Kakinada to Visakhapatnam,https://www.redbus.in/bus-tickets/Kakinada to Visakhapatnam,APSRTC - 4929,"SUPER LUXURY (NON-AC, 2 + 2 PUSH BACK)",0 days 13:30:00,04h 10m,0 days 17:40:00,2.9
323,Kakinada to Visakhapatnam,https://www.redbus.in/bus-tickets/Kakinada to Visakhapatnam,APSRTC - 3416,"SUPER LUXURY (NON-AC, 2 + 2 PUSH BACK)",0 days 14:00:00,04h 00m,0 days 18:00:00,4.2
324,Kakinada to Visakhapatnam,https://www.redbus.in/bus-tickets/Kakinada to Visakhapatnam,APSRTC - 2667,"SUPER LUXURY (NON-AC, 2 + 2 PUSH BACK)",0 days 14:00:00,03h 00m,0 days 17:00:00,3.8
325,Kakinada to Visakhapatnam,https://www.redbus.in/bus-tickets/Kakinada to Visakhapatnam,APSRTC - 24265,"SUPER LUXURY (NON-AC, 2 + 2 PUSH BACK)",0 days 14:10:00,03h 20m,0 days 17:30:00,4.0
326,Kakinada to Visakhapatnam,https://www.redbus.in/bus-tickets/Kakinada to Visakhapatnam,APSRTC - 23567,INDRA(A.C. Seater),0 days 14:20:00,03h 10m,0 days 17:30:00,3.8
327,Kakinada to Visakhapatnam,https://www.redbus.in/bus-tickets/Kakinada to Visakhapatnam,APSRTC - 2819,INDRA(A.C. Seater),0 days 14:30:00,03h 00m,0 days 17:30:00,3.8
328,Kakinada to Visakhapatnam,https://www.redbus.in/bus-tickets/Kakinada to Visakhapatnam,APSRTC - 23549,"SUPER LUXURY (NON-AC, 2 + 2 PUSH BACK)",0 days 14:45:00,04h 30m,0 days 19:15:00,3.8
329,Kakinada to Visakhapatnam,https://www.redbus.in/bus-tickets/Kakinada to Visakhapatnam,APSRTC - 2669,"SUPER LUXURY (NON-AC, 2 + 2 PUSH BACK)",0 days 15:00:00,03h 00m,0 days 18:00:00,4.4
330,Kakinada to Visakhapatnam,https://www.redbus.in/bus-tickets/Kakinada to Visakhapatnam,APSRTC - 2532,"SUPER LUXURY (NON-AC, 2 + 2 PUSH BACK)",0 days 15:10:00,04h 35m,0 days 19:45:00,3.6
331,Kakinada to Visakhapatnam,https://www.redbus.in/bus-tickets/Kakinada to Visakhapatnam,APSRTC - 3474,"SUPER LUXURY (NON-AC, 2 + 2 PUSH BACK)",0 days 15:20:00,04h 10m,0 days 19:30:00,3.8
332,Kakinada to Visakhapatnam,https://www.redbus.in/bus-tickets/Kakinada to Visakhapatnam,APSRTC - 2689,"SUPER LUXURY (NON-AC, 2 + 2 PUSH BACK)",0 days 15:30:00,03h 00m,0 days 18:30:00,3.8
333,Kakinada to Visakhapatnam,https://www.redbus.in/bus-tickets/Kakinada to Visakhapatnam,APSRTC - 24279,"SUPER LUXURY (NON-AC, 2 + 2 PUSH BACK)",0 days 15:40:00,03h 50m,0 days 19:30:00,3.8
334,Kakinada to Visakhapatnam,https://www.redbus.in/bus-tickets/Kakinada to Visakhapatnam,APSRTC - 27129,METRO LUXURY A/C,0 days 16:00:00,03h 05m,0 days 19:05:00,3.3
335,Kakinada to Visakhapatnam,https://www.redbus.in/bus-tickets/Kakinada to Visakhapatnam,APSRTC - 2524,"SUPER LUXURY (NON-AC, 2 + 2 PUSH BACK)",0 days 16:15:00,04h 30m,0 days 20:45:00,3.8
336,Kakinada to Visakhapatnam,https://www.redbus.in/bus-tickets/Kakinada to Visakhapatnam,APSRTC - 2695,"SUPER LUXURY (NON-AC, 2 + 2 PUSH BACK)",0 days 16:30:00,03h 00m,0 days 19:30:00,4.4
337,Kakinada to Visakhapatnam,https://www.redbus.in/bus-tickets/Kakinada to Visakhapatnam,APSRTC - 3406,"SUPER LUXURY (NON-AC, 2 + 2 PUSH BACK)",0 days 16:45:00,03h 45m,0 days 20:30:00,3.8
338,Kakinada to Visakhapatnam,https://www.redbus.in/bus-tickets/Kakinada to Visakhapatnam,APSRTC - 2891,INDRA(A.C. Seater),0 days 17:00:00,03h 00m,0 days 20:00:00,4.6
339,Kakinada to Visakhapatnam,https://www.redbus.in/bus-tickets/Kakinada to Visakhapatnam,APSRTC - 2534,"SUPER LUXURY (NON-AC, 2 + 2 PUSH BACK)",0 days 17:15:00,04h 30m,0 days 21:45:00,2.4
340,Kakinada to Visakhapatnam,https://www.redbus.in/bus-tickets/Kakinada to Visakhapatnam,APSRTC - 2815,"SUPER LUXURY (NON-AC, 2 + 2 PUSH BACK)",0 days 17:30:00,03h 00m,0 days 20:30:00,4.6
341,Kakinada to Visakhapatnam,https://www.redbus.in/bus-tickets/Kakinada to Visakhapatnam,APSRTC - 23527,"SUPER LUXURY (NON-AC, 2 + 2 PUSH BACK)",0 days 17:45:00,04h 30m,0 days 22:15:00,3.8
342,Kakinada to Visakhapatnam,https://www.redbus.in/bus-tickets/Kakinada to Visakhapatnam,APSRTC - 3332,"SUPER LUXURY (NON-AC, 2 + 2 PUSH BACK)",0 days 18:00:00,04h 00m,0 days 22:00:00,3.8
343,Kakinada to Visakhapatnam,https://www.redbus.in/bus-tickets/Kakinada to Visakhapatnam,APSRTC - 27083,METRO LUXURY A/C,0 days 18:00:00,02h 50m,0 days 20:50:00,4.3
344,Kakinada to Visakhapatnam,https://www.redbus.in/bus-tickets/Kakinada to Visakhapatnam,APSRTC - 2857,"ULTRA DELUXE (NON-AC, 2+2 PUSH BACK)",0 days 18:15:00,05h 15m,0 days 23:30:00,4.2
345,Kakinada to Visakhapatnam,https://www.redbus.in/bus-tickets/Kakinada to Visakhapatnam,APSRTC - 2869,"SUPER LUXURY (NON-AC, 2 + 2 PUSH BACK)",0 days 18:30:00,03h 00m,0 days 21:30:00,3.6
346,Kakinada to Visakhapatnam,https://www.redbus.in/bus-tickets/Kakinada to Visakhapatnam,APSRTC - 3324,"SUPER LUXURY (NON-AC, 2 + 2 PUSH BACK)",0 days 19:00:00,04h 00m,0 days 23:00:00,2.7
347,Kakinada to Visakhapatnam,https://www.redbus.in/bus-tickets/Kakinada to Visakhapatnam,APSRTC - 24275,"SUPER LUXURY (NON-AC, 2 + 2 PUSH BACK)",0 days 19:20:00,03h 30m,0 days 22:50:00,4.1
348,Kakinada to Visakhapatnam,https://www.redbus.in/bus-tickets/Kakinada to Visakhapatnam,APSRTC - 27133,METRO LUXURY A/C,0 days 19:40:00,03h 05m,0 days 22:45:00,4.0
349,Kakinada to Visakhapatnam,https://www.redbus.in/bus-tickets/Kakinada to Visakhapatnam,APSRTC - 27093,METRO LUXURY A/C,0 days 20:20:00,03h 50m,0 days 00:10:00,4.4
350,Kakinada to Visakhapatnam,https://www.redbus.in/bus-tickets/Kakinada to Visakhapatnam,APSRTC - 2217,"SUPER LUXURY (NON-AC, 2 + 2 PUSH BACK)",0 days 20:30:00,04h 00m,0 days 00:30:00,4.2
351,Kakinada to Visakhapatnam,https://www.redbus.in/bus-tickets/Kakinada to Visakhapatnam,APSRTC - 3104,"SUPER LUXURY (NON-AC, 2 + 2 PUSH BACK)",0 days 21:00:00,05h 15m,0 days 02:15:00,5.0
352,Kakinada to Visakhapatnam,https://www.redbus.in/bus-tickets/Kakinada to Visakhapatnam,APSRTC - 3189,"ULTRA DELUXE (NON-AC, 2+2 PUSH BACK)",0 days 21:20:00,03h 55m,0 days 01:15:00,4.7
353,Kakinada to Visakhapatnam,https://www.redbus.in/bus-tickets/Kakinada to Visakhapatnam,APSRTC - 4870,"SUPER LUXURY (NON-AC, 2 + 2 PUSH BACK)",0 days 21:45:00,04h 15m,0 days 02:00:00,4.4
354,Kakinada to Visakhapatnam,https://www.redbus.in/bus-tickets/Kakinada to Visakhapatnam,APSRTC - 3326,"SUPER LUXURY (NON-AC, 2 + 2 PUSH BACK)",0 days 21:50:00,04h 10m,0 days 02:00:00,3.5
355,Kakinada to Visakhapatnam,https://www.redbus.in/bus-tickets/Kakinada to Visakhapatnam,APSRTC - 24281,"SUPER LUXURY (NON-AC, 2 + 2 PUSH BACK)",0 days 22:00:00,04h 15m,0 days 02:15:00,4.6
356,Kakinada to Visakhapatnam,https://www.redbus.in/bus-tickets/Kakinada to Visakhapatnam,APSRTC - 3354,"SUPER LUXURY (NON-AC, 2 + 2 PUSH BACK)",0 days 22:00:00,03h 10m,0 days 01:10:00,4.1
357,Kakinada to Visakhapatnam,https://www.redbus.in/bus-tickets/Kakinada to Visakhapatnam,APSRTC - 23887,"ULTRA DELUXE (NON-AC, 2+2 PUSH BACK)",0 days 22:10:00,03h 50m,0 days 02:00:00,3.9
358,Kakinada to Visakhapatnam,https://www.redbus.in/bus-tickets/Kakinada to Visakhapatnam,APSRTC - 3438,"SUPER LUXURY (NON-AC, 2 + 2 PUSH BACK)",0 days 22:40:00,03h 10m,0 days 01:50:00,4.6
359,Kakinada to Visakhapatnam,https://www.redbus.in/bus-tickets/Kakinada to Visakhapatnam,APSRTC - 2765,"SUPER LUXURY (NON-AC, 2 + 2 PUSH BACK)",0 days 22:45:00,04h 15m,0 days 03:00:00,4.1
360,Kakinada to Visakhapatnam,https://www.redbus.in/bus-tickets/Kakinada to Visakhapatnam,APSRTC - 2405,"SUPER LUXURY (NON-AC, 2 + 2 PUSH BACK)",0 days 23:00:00,04h 00m,0 days 03:00:00,4.1
361,Kakinada to Visakhapatnam,https://www.redbus.in/bus-tickets/Kakinada to Visakhapatnam,APSRTC - 4872,"SUPER LUXURY (NON-AC, 2 + 2 PUSH BACK)",0 days 23:00:00,04h 15m,0 days 03:15:00,4.0
362,Kakinada to Visakhapatnam,https://www.redbus.in/bus-tickets/Kakinada to Visakhapatnam,APSRTC - 2851,"SUPER LUXURY (NON-AC, 2 + 2 PUSH BACK)",0 days 23:30:00,04h 20m,0 days 03:50:00,4.7
363,Kakinada to Visakhapatnam,https://www.redbus.in/bus-tickets/Kakinada to Visakhapatnam,APSRTC - 23539,"SUPER LUXURY (NON-AC, 2 + 2 PUSH BACK)",0 days 23:35:00,04h 25m,0 days 04:00:00,4.1
364,Kakinada to Visakhapatnam,https://www.redbus.in/bus-tickets/Kakinada to Visakhapatnam,APSRTC - 3472,INDRA(A.C. Seater),0 days 23:40:00,03h 20m,0 days 03:00:00,4.3
365,Kakinada to Visakhapatnam,https://www.redbus.in/bus-tickets/Kakinada to Visakhapatnam,Sai RK Travels,Non A/C Seater / Sleeper (2+1),0 days 02:25:00,03h 05m,0 days 05:30:00,3.8
366,Kakinada to Visakhapatnam,https://www.redbus.in/bus-tickets/Kakinada to Visakhapatnam,MAHA BUS,A/C Sleeper (2+1),0 days 01:40:00,03h 20m,0 days 05:00:00,4.0
367,Kakinada to Visakhapatnam,https://www.redbus.in/bus-tickets/Kakinada to Visakhapatnam,Morning Star Travels,A/C Sleeper (2+1),0 days 02:10:00,02h 50m,0 days 05:00:00,3.3
368,Kakinada to Visakhapatnam,https://www.redbus.in/bus-tickets/Kakinada to Visakhapatnam,Gaganasri Travels,Non A/C Seater / Sleeper (2+1),0 days 23:50:00,03h 40m,0 days 03:30:00,4.2
369,Bangalore to Tirupati,https://www.redbus.in/bus-tickets/bangalore-to-tirupati,NueGo,A/C Seater (2+2),0 days 05:00:00,06h 15m,0 days 11:15:00,4.0
370,Bangalore to Tirupati,https://www.redbus.in/bus-tickets/bangalore-to-tirupati,Yolo Bus,Bharat Benz A/C Seater /Sleeper (2+1),0 days 06:00:00,05h 48m,0 days 11:48:00,4.4
371,Bangalore to Tirupati,https://www.redbus.in/bus-tickets/bangalore-to-tirupati,NueGo,Electric A/C Seater (2+2),0 days 06:00:00,05h 30m,0 days 11:30:00,3.4
372,Bangalore to Tirupati,https://www.redbus.in/bus-tickets/bangalore-to-tirupati,AdHYBUS,Bharat Benz A/C Sleeper (2+1),0 days 20:30:00,05h 30m,0 days 02:00:00,3.8
373,Bangalore to Tirupati,https://www.redbus.in/bus-tickets/bangalore-to-tirupati,HYBUS,Bharat Benz A/C Sleeper (2+1),0 days 06:30:00,05h 30m,0 days 12:00:00,3.7
374,Bangalore to Tirupati,https://www.redbus.in/bus-tickets/bangalore-to-tirupati,FRESHBUS,Electric A/C Seater (2+2),0 days 06:35:00,05h 40m,0 days 12:15:00,3.1
375,Bangalore to Tirupati,https://www.redbus.in/bus-tickets/bangalore-to-tirupati,NueGo,Electric A/C Seater (2+2),0 days 07:00:00,05h 30m,0 days 12:30:00,4.6
376,Bangalore to Tirupati,https://www.redbus.in/bus-tickets/bangalore-to-tirupati,AdRK Travels,A/C Seater / Sleeper (2+1),0 days 20:45:00,06h 15m,0 days 03:00:00,4.8
377,Bangalore to Tirupati,https://www.redbus.in/bus-tickets/bangalore-to-tirupati,FRESHBUS,Electric A/C Seater (2+2),0 days 08:25:00,05h 40m,0 days 14:05:00,3.1
378,Bangalore to Tirupati,https://www.redbus.in/bus-tickets/bangalore-to-tirupati,NueGo,Electric A/C Seater (2+2),0 days 09:00:00,05h 30m,0 days 14:30:00,4.3
379,Bangalore to Tirupati,https://www.redbus.in/bus-tickets/bangalore-to-tirupati,NueGo,A/C Seater (2+2),0 days 11:00:00,06h 15m,0 days 17:15:00,4.0
380,Bangalore to Tirupati,https://www.redbus.in/bus-tickets/bangalore-to-tirupati,FRESHBUS,Electric A/C Seater (2+2),0 days 12:35:00,05h 40m,0 days 18:15:00,3.7
381,Bangalore to Tirupati,https://www.redbus.in/bus-tickets/bangalore-to-tirupati,NueGo,Electric A/C Seater (2+2),0 days 13:00:00,05h 30m,0 days 18:30:00,3.5
382,Bangalore to Tirupati,https://www.redbus.in/bus-tickets/bangalore-to-tirupati,Yolo Bus,Bharat Benz A/C Seater /Sleeper (2+1),0 days 13:45:00,05h 48m,0 days 19:33:00,3.4
383,Bangalore to Tirupati,https://www.redbus.in/bus-tickets/bangalore-to-tirupati,NueGo,Electric A/C Seater (2+2),0 days 14:00:00,05h 30m,0 days 19:30:00,4.6
384,Bangalore to Tirupati,https://www.redbus.in/bus-tickets/bangalore-to-tirupati,FRESHBUS,Electric A/C Seater (2+2),0 days 14:30:00,06h 20m,0 days 20:50:00,3.4
385,Bangalore to Tirupati,https://www.redbus.in/bus-tickets/bangalore-to-tirupati,Yolo Bus,Bharat Benz A/C Seater /Sleeper (2+1),0 days 14:55:00,06h 28m,0 days 21:23:00,3.6
386,Bangalore to Tirupati,https://www.redbus.in/bus-tickets/bangalore-to-tirupati,Rajesh Transports,NON A/C Sleeper (2+1),0 days 15:30:00,04h 40m,0 days 20:10:00,3.3
387,Bangalore to Tirupati,https://www.redbus.in/bus-tickets/bangalore-to-tirupati,VKV Travels,A/C Sleeper (2+1),0 days 16:00:00,04h 30m,0 days 20:30:00,4.7
388,Bangalore to Tirupati,https://www.redbus.in/bus-tickets/bangalore-to-tirupati,Shyamoli Paribahan Pvt Ltd,Volvo 9600 A/C Seater/Sleeper (2+1),0 days 16:15:00,05h 00m,0 days 21:15:00,4.5
389,Bangalore to Tirupati,https://www.redbus.in/bus-tickets/bangalore-to-tirupati,Shree Manikanta Travels,Volvo 9600 Multi-Axle A/C Sleeper (2+1),0 days 16:30:00,04h 50m,0 days 21:20:00,3.4
390,Bangalore to Tirupati,https://www.redbus.in/bus-tickets/bangalore-to-tirupati,Rajesh Transports,A/C Seater / Sleeper (2+1),0 days 17:30:00,05h 00m,0 days 22:30:00,4.0
391,Bangalore to Tirupati,https://www.redbus.in/bus-tickets/bangalore-to-tirupati,NueGo,A/C Seater (2+2),0 days 18:00:00,29h 55m,0 days 23:55:00,3.5
392,Bangalore to Tirupati,https://www.redbus.in/bus-tickets/bangalore-to-tirupati,FlixBus,A/C Sleeper (2+1),0 days 18:00:00,07h 05m,0 days 01:05:00,5.0
393,Bangalore to Tirupati,https://www.redbus.in/bus-tickets/bangalore-to-tirupati,Sai Balaji Travels,A/C Seater / Sleeper (2+1),0 days 18:50:00,05h 09m,0 days 23:59:00,4.0
394,Bangalore to Tirupati,https://www.redbus.in/bus-tickets/bangalore-to-tirupati,Kaveri Travels,A/C Seater / Sleeper (2+1),0 days 19:00:00,04h 30m,0 days 23:30:00,4.6
395,Bangalore to Tirupati,https://www.redbus.in/bus-tickets/bangalore-to-tirupati,Jabbar Travels,VE A/C Sleeper (2+1),0 days 19:00:00,05h 30m,0 days 00:30:00,3.0
396,Bangalore to Tirupati,https://www.redbus.in/bus-tickets/bangalore-to-tirupati,Jagan Travels,A/C Sleeper (2+1),0 days 19:00:00,04h 45m,0 days 23:45:00,3.5
397,Bangalore to Tirupati,https://www.redbus.in/bus-tickets/bangalore-to-tirupati,FRESHBUS,Electric A/C Seater (2+2),0 days 19:20:00,05h 40m,0 days 01:00:00,3.6
398,Bangalore to Tirupati,https://www.redbus.in/bus-tickets/bangalore-to-tirupati,IntrCity SmartBus,AC Sleeper (2+1),0 days 19:30:00,04h 15m,0 days 23:45:00,4.2
399,Bangalore to Tirupati,https://www.redbus.in/bus-tickets/bangalore-to-tirupati,Northern Travels,Bharat Benz A/C Sleeper (2+1),0 days 19:30:00,04h 00m,0 days 23:30:00,3.9
400,Bangalore to Tirupati,https://www.redbus.in/bus-tickets/bangalore-to-tirupati,IntrCity SmartBus,A/C Seater / Sleeper (2+1),0 days 19:50:00,04h 35m,0 days 00:25:00,3.5
401,Bangalore to Tirupati,https://www.redbus.in/bus-tickets/bangalore-to-tirupati,Sri Vengamamba Bus Transport (SVBT),A/C Sleeper (2+1),0 days 20:00:00,05h 30m,0 days 01:30:00,4.7
402,Bangalore to Tirupati,https://www.redbus.in/bus-tickets/bangalore-to-tirupati,NueGo,Electric A/C Seater (2+2),0 days 20:00:00,05h 30m,0 days 01:30:00,3.4
403,Bangalore to Tirupati,https://www.redbus.in/bus-tickets/bangalore-to-tirupati,V Kaveri Travels,Non A/C Seater / Sleeper (2+1),0 days 20:00:00,03h 59m,0 days 23:59:00,4.7
404,Bangalore to Tirupati,https://www.redbus.in/bus-tickets/bangalore-to-tirupati,Sri KVR Travels,Non A/C Seater / Sleeper (2+1),0 days 20:00:00,04h 30m,0 days 00:30:00,3.9
405,Bangalore to Tirupati,https://www.redbus.in/bus-tickets/bangalore-to-tirupati,IntrCity SmartBus,A/C Seater / Sleeper (2+1),0 days 20:10:00,04h 15m,0 days 00:25:00,4.0
406,Bangalore to Tirupati,https://www.redbus.in/bus-tickets/bangalore-to-tirupati,RK Travels,Non A/C Seater / Sleeper (2+1),0 days 20:20:00,07h 00m,0 days 03:20:00,3.0
407,Bangalore to Tirupati,https://www.redbus.in/bus-tickets/bangalore-to-tirupati,LUCKY TRAVELS,A/C Sleeper (2+1),0 days 20:25:00,07h 35m,0 days 04:00:00,3.5
408,Bangalore to Tirupati,https://www.redbus.in/bus-tickets/bangalore-to-tirupati,RK Travels,Non A/C Seater / Sleeper (2+1),0 days 20:30:00,07h 00m,0 days 03:30:00,4.0
409,Bangalore to Tirupati,https://www.redbus.in/bus-tickets/bangalore-to-tirupati,Sri Vengamamba Bus Transport (SVBT),A/C Sleeper (2+1),0 days 20:30:00,05h 30m,0 days 02:00:00,4.1
410,Bangalore to Tirupati,https://www.redbus.in/bus-tickets/bangalore-to-tirupati,Intercity travels,Bharat Benz A/C Sleeper (2+1),0 days 20:30:00,05h 00m,0 days 01:30:00,3.9
411,Bangalore to Tirupati,https://www.redbus.in/bus-tickets/bangalore-to-tirupati,RK Travels,Non A/C Seater / Sleeper (2+1),0 days 20:30:00,07h 30m,0 days 04:00:00,3.7
412,Bangalore to Tirupati,https://www.redbus.in/bus-tickets/bangalore-to-tirupati,Kamakshi Tours And Travels,A/C Sleeper (2+1),0 days 20:30:00,05h 30m,0 days 02:00:00,3.8
413,Bangalore to Tirupati,https://www.redbus.in/bus-tickets/bangalore-to-tirupati,RK Travels,Non A/C Seater / Sleeper (2+1),0 days 20:40:00,07h 00m,0 days 03:40:00,4.6
414,Bangalore to Tirupati,https://www.redbus.in/bus-tickets/bangalore-to-tirupati,SRI RATAN TATA EXPRESS,Volvo Multi Axle A/C Sleeper I-Shift B11R (2+1),0 days 20:40:00,05h 50m,0 days 02:30:00,3.7
415,Bangalore to Tirupati,https://www.redbus.in/bus-tickets/bangalore-to-tirupati,MRS TRAVELS,A/C Sleeper (2+1),0 days 20:45:00,06h 45m,0 days 03:30:00,4.1
416,Bangalore to Tirupati,https://www.redbus.in/bus-tickets/bangalore-to-tirupati,BSRM Travels,Non A/C Seater / Sleeper (2+1),0 days 20:45:00,07h 05m,0 days 03:50:00,3.9
417,Bangalore to Tirupati,https://www.redbus.in/bus-tickets/bangalore-to-tirupati,National travels,VE A/C Sleeper (2+1),0 days 20:45:00,07h 00m,0 days 03:45:00,4.0
418,Bangalore to Tirupati,https://www.redbus.in/bus-tickets/bangalore-to-tirupati,Rajeswari Travels,Non A/C Seater / Sleeper (2+1),0 days 20:50:00,06h 50m,0 days 03:40:00,4.4
419,Bangalore to Tirupati,https://www.redbus.in/bus-tickets/bangalore-to-tirupati,Zingbus Plus,A/C Seater / Sleeper (2+1),0 days 20:50:00,04h 40m,0 days 01:30:00,4.3
420,Bangalore to Tirupati,https://www.redbus.in/bus-tickets/bangalore-to-tirupati,Yolo Bus,Bharat Benz A/C Seater /Sleeper (2+1),0 days 21:00:00,05h 48m,0 days 02:48:00,4.1
421,Bangalore to Tirupati,https://www.redbus.in/bus-tickets/bangalore-to-tirupati,CHOPPA TRAVELS,A/C Sleeper (2+1),0 days 21:00:00,06h 45m,0 days 03:45:00,3.9
422,Bangalore to Tirupati,https://www.redbus.in/bus-tickets/bangalore-to-tirupati,METRO LINES TRAVELS,NON A/C Seater/ Sleeper (2+1),0 days 21:00:00,06h 00m,0 days 03:00:00,4.3
423,Bangalore to Tirupati,https://www.redbus.in/bus-tickets/bangalore-to-tirupati,RCV Travels,A/C Seater / Sleeper (2+1),0 days 21:00:00,07h 40m,0 days 04:40:00,4.0
424,Bangalore to Tirupati,https://www.redbus.in/bus-tickets/bangalore-to-tirupati,Rajeswari Travels,A/C Seater / Sleeper (2+1),0 days 21:00:00,07h 00m,0 days 04:00:00,4.3
425,Bangalore to Tirupati,https://www.redbus.in/bus-tickets/bangalore-to-tirupati,BSRM Travels,A/C Seater / Sleeper (2+1),0 days 21:00:00,07h 00m,0 days 04:00:00,3.0
426,Bangalore to Tirupati,https://www.redbus.in/bus-tickets/bangalore-to-tirupati,Manis Travels,Volvo Multi-Axle A/C Semi Sleeper (2+2),0 days 21:00:00,07h 30m,0 days 04:30:00,3.7
427,Bangalore to Tirupati,https://www.redbus.in/bus-tickets/bangalore-to-tirupati,CHOPPA TRAVELS,NON A/C Sleeper (2+1),0 days 21:00:00,06h 30m,0 days 03:30:00,3.5
428,Bangalore to Tirupati,https://www.redbus.in/bus-tickets/bangalore-to-tirupati,Sri Vengamamba Bus Transport (SVBT),A/C Seater/Sleeper (2+1),0 days 21:00:00,06h 00m,0 days 03:00:00,4.6
429,Bangalore to Tirupati,https://www.redbus.in/bus-tickets/bangalore-to-tirupati,Rajeswari Travels,A/C Sleeper (2+1),0 days 21:15:00,06h 50m,0 days 04:05:00,4.3
430,Bangalore to Tirupati,https://www.redbus.in/bus-tickets/bangalore-to-tirupati,Sri Vengamamba Bus Transport (SVBT),Non A/C Seater / Sleeper (2+1),0 days 21:15:00,05h 45m,0 days 03:00:00,3.2
431,Bangalore to Tirupati,https://www.redbus.in/bus-tickets/bangalore-to-tirupati,GreenLine Travels And Holidays,A/C Sleeper (2+1),0 days 21:15:00,07h 00m,0 days 04:15:00,3.8
432,Bangalore to Tirupati,https://www.redbus.in/bus-tickets/bangalore-to-tirupati,KMBT Travels,A/C Seater / Sleeper (2+1),0 days 21:30:00,05h 30m,0 days 03:00:00,3.7
433,Bangalore to Tirupati,https://www.redbus.in/bus-tickets/bangalore-to-tirupati,RK Travels,A/C Seater / Sleeper (2+1),0 days 21:30:00,06h 50m,0 days 04:20:00,3.3
434,Bangalore to Tirupati,https://www.redbus.in/bus-tickets/bangalore-to-tirupati,Kaveri Travels,VE A/C Sleeper (2+1),0 days 21:30:00,04h 30m,0 days 02:00:00,4.7
435,Bangalore to Tirupati,https://www.redbus.in/bus-tickets/bangalore-to-tirupati,HYBUS,Bharat Benz A/C Sleeper (2+1),0 days 21:30:00,05h 45m,0 days 03:15:00,3.1
436,Bangalore to Tirupati,https://www.redbus.in/bus-tickets/bangalore-to-tirupati,Zingbus Plus,Scania AC Multi Axle Sleeper (2+1),0 days 21:40:00,04h 35m,0 days 02:15:00,3.6
437,Bangalore to Tirupati,https://www.redbus.in/bus-tickets/bangalore-to-tirupati,ASHITHA TRAVELS,A/C Sleeper (2+1),0 days 21:40:00,06h 05m,0 days 03:45:00,5.0
438,Bangalore to Tirupati,https://www.redbus.in/bus-tickets/bangalore-to-tirupati,Sri Vengamamba Bus Transport (SVBT),A/C Seater/Sleeper (2+1),0 days 21:40:00,06h 20m,0 days 04:00:00,3.5
439,Bangalore to Tirupati,https://www.redbus.in/bus-tickets/bangalore-to-tirupati,NueGo,Electric A/C Seater (2+2),0 days 22:00:00,05h 30m,0 days 03:30:00,3.7
440,Bangalore to Tirupati,https://www.redbus.in/bus-tickets/bangalore-to-tirupati,Go Tour Travels and Holidays,A/C Sleeper (2+1),0 days 22:00:00,05h 00m,0 days 03:00:00,4.3
441,Bangalore to Tirupati,https://www.redbus.in/bus-tickets/bangalore-to-tirupati,GreenLine Travels And Holidays,Non A/C Seater / Sleeper (2+1),0 days 22:00:00,06h 00m,0 days 04:00:00,3.7
442,Bangalore to Tirupati,https://www.redbus.in/bus-tickets/bangalore-to-tirupati,Vihari Travels ,A/C Seater / Sleeper (2+1),0 days 22:00:00,05h 00m,0 days 03:00:00,3.9
443,Bangalore to Tirupati,https://www.redbus.in/bus-tickets/bangalore-to-tirupati,IntrCity SmartBus,A/C Seater / Sleeper (2+1),0 days 22:00:00,04h 15m,0 days 02:15:00,3.3
444,Bangalore to Tirupati,https://www.redbus.in/bus-tickets/bangalore-to-tirupati,Siri SmartBus,VE A/C Sleeper (2+1),0 days 22:00:00,05h 30m,0 days 03:30:00,3.9
445,Bangalore to Tirupati,https://www.redbus.in/bus-tickets/bangalore-to-tirupati,SRI RATAN TATA EXPRESS,A/C Sleeper (2+1),0 days 22:00:00,05h 00m,0 days 03:00:00,3.6
446,Bangalore to Tirupati,https://www.redbus.in/bus-tickets/bangalore-to-tirupati,Sri Vengamamba Bus Transport (SVBT),Non A/C Seater / Sleeper (2+1),0 days 22:15:00,06h 00m,0 days 04:15:00,3.1
447,Bangalore to Tirupati,https://www.redbus.in/bus-tickets/bangalore-to-tirupati,GKT TRAVELS,A/C Seater/Sleeper (2+1),0 days 22:15:00,05h 55m,0 days 04:10:00,3.9
448,Bangalore to Tirupati,https://www.redbus.in/bus-tickets/bangalore-to-tirupati,RDS Travels,Scania Multi-Axle AC Semi Sleeper (2+2),0 days 22:15:00,05h 45m,0 days 04:00:00,4.3
449,Bangalore to Tirupati,https://www.redbus.in/bus-tickets/bangalore-to-tirupati,AKHILA TRAVELS,A/C Semi Sleeper / Sleeper (2+1),0 days 22:25:00,04h 21m,0 days 02:46:00,3.4
450,Bangalore to Tirupati,https://www.redbus.in/bus-tickets/bangalore-to-tirupati,GreenLine Travels And Holidays,VE A/C Sleeper (2+1),0 days 22:30:00,05h 30m,0 days 04:00:00,3.8
451,Bangalore to Tirupati,https://www.redbus.in/bus-tickets/bangalore-to-tirupati,FRESHBUS,Electric A/C Seater (2+2),0 days 22:30:00,05h 15m,0 days 03:45:00,3.3
452,Bangalore to Tirupati,https://www.redbus.in/bus-tickets/bangalore-to-tirupati,HYBUS,Bharat Benz A/C Sleeper (2+1),0 days 22:30:00,05h 30m,0 days 04:00:00,4.9
453,Bangalore to Tirupati,https://www.redbus.in/bus-tickets/bangalore-to-tirupati,Dream Line Travels Pvt Ltd,A/C Sleeper (2+1),0 days 22:30:00,04h 00m,0 days 02:30:00,3.1
454,Tirupati to Bangalore,https://www.redbus.in/bus-tickets/tirupati-to-bangalore,IRA Travels,Bharat Benz A/C Sleeper (2+1),0 days 01:00:00,05h 30m,0 days 06:30:00,3.7
455,Tirupati to Bangalore,https://www.redbus.in/bus-tickets/tirupati-to-bangalore,ASHITHA TRAVELS,A/C Sleeper (2+1),0 days 01:10:00,03h 55m,0 days 05:05:00,4.6
456,Tirupati to Bangalore,https://www.redbus.in/bus-tickets/tirupati-to-bangalore,National travels,VE A/C Sleeper (2+1),0 days 01:30:00,06h 00m,0 days 07:30:00,3.1
457,Tirupati to Bangalore,https://www.redbus.in/bus-tickets/tirupati-to-bangalore,AdHYBUS,Bharat Benz A/C Sleeper (2+1),0 days 23:45:00,05h 30m,0 days 05:15:00,4.2
458,Tirupati to Bangalore,https://www.redbus.in/bus-tickets/tirupati-to-bangalore,Intercity travels,Bharat Benz A/C Sleeper (2+1),0 days 01:30:00,04h 30m,0 days 06:00:00,4.3
459,Tirupati to Bangalore,https://www.redbus.in/bus-tickets/tirupati-to-bangalore,LUCKY TRAVELS,A/C Sleeper (2+1),0 days 01:40:00,03h 50m,0 days 05:30:00,4.9
460,Tirupati to Bangalore,https://www.redbus.in/bus-tickets/tirupati-to-bangalore,Shyamoli Paribahan Pvt Ltd,Volvo Multi Axle A/C Sleeper I-Shift B11R (2+1),0 days 01:50:00,04h 10m,0 days 06:00:00,4.3
461,Tirupati to Bangalore,https://www.redbus.in/bus-tickets/tirupati-to-bangalore,AdRapid Travels,NON A/C Sleeper (2+1),0 days 23:50:00,06h 10m,0 days 06:00:00,4.3
462,Tirupati to Bangalore,https://www.redbus.in/bus-tickets/tirupati-to-bangalore,KMBT Travels,A/C Seater / Sleeper (2+1),0 days 02:00:00,04h 00m,0 days 06:00:00,5.0
463,Tirupati to Bangalore,https://www.redbus.in/bus-tickets/tirupati-to-bangalore,Chalasani Travels (Kaleswari),A/C Sleeper (2+1),0 days 02:00:00,04h 00m,0 days 06:00:00,3.7
464,Tirupati to Bangalore,https://www.redbus.in/bus-tickets/tirupati-to-bangalore,SRKT Travels,A/C Seater / Sleeper (2+1),0 days 02:00:00,04h 20m,0 days 06:20:00,4.6
465,Tirupati to Bangalore,https://www.redbus.in/bus-tickets/tirupati-to-bangalore,Rajesh Transports,NON A/C Sleeper (2+1),0 days 02:00:00,04h 30m,0 days 06:30:00,4.7
466,Tirupati to Bangalore,https://www.redbus.in/bus-tickets/tirupati-to-bangalore,IntrCity SmartBus,A/C Seater / Sleeper (2+1),0 days 02:00:00,04h 10m,0 days 06:10:00,4.4
467,Tirupati to Bangalore,https://www.redbus.in/bus-tickets/tirupati-to-bangalore,Shyamoli Paribahan Pvt Ltd,Volvo 9600 A/C Seater/Sleeper (2+1),0 days 02:00:00,05h 00m,0 days 07:00:00,4.1
468,Tirupati to Bangalore,https://www.redbus.in/bus-tickets/tirupati-to-bangalore,AKHILA TRAVELS,A/C Semi Sleeper / Sleeper (2+1),0 days 02:15:00,04h 35m,0 days 06:50:00,4.8
469,Tirupati to Bangalore,https://www.redbus.in/bus-tickets/tirupati-to-bangalore,Intercity travels,Bharat Benz A/C Sleeper (2+1),0 days 02:15:00,04h 15m,0 days 06:30:00,3.2
470,Tirupati to Bangalore,https://www.redbus.in/bus-tickets/tirupati-to-bangalore,Rajesh Transports,A/C Volvo B11R Multi-Axle Sleeper (2+1),0 days 02:30:00,04h 15m,0 days 06:45:00,4.7
471,Tirupati to Bangalore,https://www.redbus.in/bus-tickets/tirupati-to-bangalore,SRKT Travels,A/C Seater / Sleeper (2+1),0 days 02:30:00,03h 30m,0 days 06:00:00,4.5
472,Tirupati to Bangalore,https://www.redbus.in/bus-tickets/tirupati-to-bangalore,Sai Balaji Travels,A/C Seater / Sleeper (2+1),0 days 02:30:00,04h 00m,0 days 06:30:00,3.2
473,Tirupati to Bangalore,https://www.redbus.in/bus-tickets/tirupati-to-bangalore,Zingbus Plus,A/C Seater / Sleeper (2+1),0 days 02:55:00,05h 00m,0 days 07:55:00,4.7
474,Tirupati to Bangalore,https://www.redbus.in/bus-tickets/tirupati-to-bangalore,Prasanna Travels,A/C Sleeper (2+1),0 days 03:00:00,04h 30m,0 days 07:30:00,4.7
475,Tirupati to Bangalore,https://www.redbus.in/bus-tickets/tirupati-to-bangalore,Sri KVR Travels,Non A/C Seater / Sleeper (2+1),0 days 03:00:00,03h 00m,0 days 06:00:00,4.6
476,Tirupati to Bangalore,https://www.redbus.in/bus-tickets/tirupati-to-bangalore,Intercity travels,Bharat Benz A/C Sleeper (2+1),0 days 03:00:00,04h 20m,0 days 07:20:00,4.0
477,Tirupati to Bangalore,https://www.redbus.in/bus-tickets/tirupati-to-bangalore,Navayuga Travels,A/C Sleeper (2+1),0 days 03:10:00,05h 20m,0 days 08:30:00,4.8
478,Tirupati to Bangalore,https://www.redbus.in/bus-tickets/tirupati-to-bangalore,VKV Travels,A/C Sleeper (2+1),0 days 03:15:00,04h 10m,0 days 07:25:00,4.5
479,Tirupati to Bangalore,https://www.redbus.in/bus-tickets/tirupati-to-bangalore,Rajesh Transports,Volvo 9600 Multi-Axle A/C Sleeper (2+1),0 days 03:20:00,04h 10m,0 days 07:30:00,4.1
480,Tirupati to Bangalore,https://www.redbus.in/bus-tickets/tirupati-to-bangalore,IntrCity SmartBus,A/C Seater / Sleeper (2+1),0 days 03:20:00,04h 15m,0 days 07:35:00,4.1
481,Tirupati to Bangalore,https://www.redbus.in/bus-tickets/tirupati-to-bangalore,IntrCity SmartBus,AC Sleeper (2+1),0 days 03:30:00,03h 50m,0 days 07:20:00,4.7
482,Tirupati to Bangalore,https://www.redbus.in/bus-tickets/tirupati-to-bangalore,Zingbus Plus,Scania AC Multi Axle Sleeper (2+1),0 days 03:40:00,04h 15m,0 days 07:55:00,4.1
483,Tirupati to Bangalore,https://www.redbus.in/bus-tickets/tirupati-to-bangalore,Shyamoli Paribahan Pvt Ltd,A/C Sleeper (2+1),0 days 03:58:00,04h 22m,0 days 08:20:00,4.9
484,Tirupati to Bangalore,https://www.redbus.in/bus-tickets/tirupati-to-bangalore,IntrCity SmartBus,Scania AC Multi Axle Sleeper (2+1),0 days 04:00:00,03h 50m,0 days 07:50:00,4.4
485,Tirupati to Bangalore,https://www.redbus.in/bus-tickets/tirupati-to-bangalore,Rajesh Transports,A/C Sleeper (2+1),0 days 04:00:00,03h 35m,0 days 07:35:00,4.6
486,Tirupati to Bangalore,https://www.redbus.in/bus-tickets/tirupati-to-bangalore,Rajesh Transports,A/C Seater / Sleeper (2+1),0 days 04:00:00,03h 50m,0 days 07:50:00,4.7
487,Tirupati to Bangalore,https://www.redbus.in/bus-tickets/tirupati-to-bangalore,IntrCity SmartBus,A/C Seater / Sleeper (2+1),0 days 04:00:00,04h 30m,0 days 08:30:00,4.4
488,Tirupati to Bangalore,https://www.redbus.in/bus-tickets/tirupati-to-bangalore,Rajesh Transports,A/C Seater / Sleeper (2+1),0 days 04:00:00,03h 50m,0 days 07:50:00,4.7
489,Tirupati to Bangalore,https://www.redbus.in/bus-tickets/tirupati-to-bangalore,Rajesh Transports,Volvo 9600 Multi-Axle A/C Sleeper (2+1),0 days 04:00:00,04h 30m,0 days 08:30:00,4.1
490,Tirupati to Bangalore,https://www.redbus.in/bus-tickets/tirupati-to-bangalore,NueGo,Electric A/C Seater (2+2),0 days 05:00:00,06h 40m,0 days 11:40:00,3.9
491,Tirupati to Bangalore,https://www.redbus.in/bus-tickets/tirupati-to-bangalore,FRESHBUS,Electric A/C Seater (2+2),0 days 05:30:00,06h 50m,0 days 12:20:00,4.0
492,Tirupati to Bangalore,https://www.redbus.in/bus-tickets/tirupati-to-bangalore,Sri Keerthana Sai Travels,A/C Seater / Sleeper (2+1),0 days 05:30:00,03h 15m,0 days 08:45:00,4.3
493,Tirupati to Bangalore,https://www.redbus.in/bus-tickets/tirupati-to-bangalore,Rajesh Transports,NON A/C Sleeper (2+1),0 days 05:45:00,04h 45m,0 days 10:30:00,4.7
494,Tirupati to Bangalore,https://www.redbus.in/bus-tickets/tirupati-to-bangalore,Jagan Travels,A/C Sleeper (2+1),0 days 06:00:00,04h 30m,0 days 10:30:00,4.5
495,Tirupati to Bangalore,https://www.redbus.in/bus-tickets/tirupati-to-bangalore,Sri Keerthana Sai Travels,A/C Sleeper (2+1),0 days 06:25:00,04h 35m,0 days 11:00:00,3.5
496,Tirupati to Bangalore,https://www.redbus.in/bus-tickets/tirupati-to-bangalore,Cherry Collars,Bharat Benz A/C Sleeper (2+1),0 days 06:30:00,03h 30m,0 days 10:00:00,3.2
497,Tirupati to Bangalore,https://www.redbus.in/bus-tickets/tirupati-to-bangalore,FRESHBUS,Electric A/C Seater (2+2),0 days 06:30:00,05h 40m,0 days 12:10:00,4.7
498,Tirupati to Bangalore,https://www.redbus.in/bus-tickets/tirupati-to-bangalore,Yolo Bus,Bharat Benz A/C Seater /Sleeper (2+1),0 days 06:45:00,05h 58m,0 days 12:43:00,3.2
499,Tirupati to Bangalore,https://www.redbus.in/bus-tickets/tirupati-to-bangalore,NueGo,Electric A/C Seater (2+2),0 days 07:00:00,06h 40m,0 days 13:40:00,4.2
500,Tirupati to Bangalore,https://www.redbus.in/bus-tickets/tirupati-to-bangalore,FRESHBUS,Electric A/C Seater (2+2),0 days 08:00:00,05h 40m,0 days 13:40:00,3.4
501,Tirupati to Bangalore,https://www.redbus.in/bus-tickets/tirupati-to-bangalore,Yolo Bus,Bharat Benz A/C Seater /Sleeper (2+1),0 days 08:01:00,05h 58m,0 days 13:59:00,4.7
502,Tirupati to Bangalore,https://www.redbus.in/bus-tickets/tirupati-to-bangalore,NueGo,Electric A/C Seater (2+2),0 days 09:00:00,06h 10m,0 days 15:10:00,4.8
503,Tirupati to Bangalore,https://www.redbus.in/bus-tickets/tirupati-to-bangalore,NueGo,A/C Seater (2+2),0 days 11:00:00,06h 45m,0 days 17:45:00,4.0
504,Tirupati to Bangalore,https://www.redbus.in/bus-tickets/tirupati-to-bangalore,FRESHBUS,Electric A/C Seater (2+2),0 days 12:00:00,07h 15m,0 days 19:15:00,3.8
505,Tirupati to Bangalore,https://www.redbus.in/bus-tickets/tirupati-to-bangalore,NueGo,Electric A/C Seater (2+2),0 days 12:00:00,07h 20m,0 days 19:20:00,4.1
506,Tirupati to Bangalore,https://www.redbus.in/bus-tickets/tirupati-to-bangalore,HYBUS,Bharat Benz A/C Sleeper (2+1),0 days 12:00:00,05h 40m,0 days 17:40:00,4.8
507,Tirupati to Bangalore,https://www.redbus.in/bus-tickets/tirupati-to-bangalore,Yolo Bus,Bharat Benz A/C Seater /Sleeper (2+1),0 days 13:15:00,05h 58m,0 days 19:13:00,3.2
508,Tirupati to Bangalore,https://www.redbus.in/bus-tickets/tirupati-to-bangalore,FRESHBUS,Electric A/C Seater (2+2),0 days 14:00:00,05h 40m,0 days 19:40:00,4.4
509,Tirupati to Bangalore,https://www.redbus.in/bus-tickets/tirupati-to-bangalore,HYBUS,Bharat Benz A/C Sleeper (2+1),0 days 14:00:00,05h 40m,0 days 19:40:00,3.8
510,Tirupati to Bangalore,https://www.redbus.in/bus-tickets/tirupati-to-bangalore,HYBUS,Bharat Benz A/C Sleeper (2+1),0 days 15:00:00,05h 30m,0 days 20:30:00,3.0
511,Tirupati to Bangalore,https://www.redbus.in/bus-tickets/tirupati-to-bangalore,FRESHBUS,Electric A/C Seater (2+2),0 days 16:00:00,07h 10m,0 days 23:10:00,4.7
512,Tirupati to Bangalore,https://www.redbus.in/bus-tickets/tirupati-to-bangalore,Bharathi Travels,A/C Sleeper (2+1),0 days 17:30:00,05h 15m,0 days 22:45:00,3.2
513,Tirupati to Bangalore,https://www.redbus.in/bus-tickets/tirupati-to-bangalore,NueGo,A/C Seater (2+2),0 days 18:00:00,29h 45m,0 days 23:45:00,4.6
514,Tirupati to Bangalore,https://www.redbus.in/bus-tickets/tirupati-to-bangalore,NueGo,Electric A/C Seater (2+2),0 days 19:30:00,06h 45m,0 days 02:15:00,3.4
515,Tirupati to Bangalore,https://www.redbus.in/bus-tickets/tirupati-to-bangalore,NueGo,Electric A/C Seater (2+2),0 days 22:00:00,06h 45m,0 days 04:45:00,4.0
516,Tirupati to Bangalore,https://www.redbus.in/bus-tickets/tirupati-to-bangalore,FRESHBUS,Electric A/C Seater (2+2),0 days 22:00:00,05h 40m,0 days 03:40:00,3.9
517,Tirupati to Bangalore,https://www.redbus.in/bus-tickets/tirupati-to-bangalore,Yolo Bus,Bharat Benz A/C Seater /Sleeper (2+1),0 days 22:00:00,05h 58m,0 days 03:58:00,4.0
518,Tirupati to Bangalore,https://www.redbus.in/bus-tickets/tirupati-to-bangalore,GreenLine Travels And Holidays,Volvo Multi Axle A/C Sleeper I-Shift B11R (2+1),0 days 22:45:00,06h 00m,0 days 04:45:00,4.0
519,Tirupati to Bangalore,https://www.redbus.in/bus-tickets/tirupati-to-bangalore,RK Travels,Non A/C Seater / Sleeper (2+1),0 days 22:50:00,07h 10m,0 days 06:00:00,3.3
520,Tirupati to Bangalore,https://www.redbus.in/bus-tickets/tirupati-to-bangalore,FRESHBUS,Electric A/C Seater (2+2),0 days 22:50:00,06h 25m,0 days 05:15:00,4.6
521,Tirupati to Bangalore,https://www.redbus.in/bus-tickets/tirupati-to-bangalore,RK Travels,Non A/C Seater / Sleeper (2+1),0 days 23:00:00,06h 15m,0 days 05:15:00,3.5
522,Tirupati to Bangalore,https://www.redbus.in/bus-tickets/tirupati-to-bangalore,MRS TRAVELS,A/C Sleeper (2+1),0 days 23:00:00,06h 00m,0 days 05:00:00,3.3
523,Tirupati to Bangalore,https://www.redbus.in/bus-tickets/tirupati-to-bangalore,GreenLine Travels And Holidays,NON A/C Sleeper (2+1),0 days 23:00:00,05h 30m,0 days 04:30:00,4.4
524,Tirupati to Bangalore,https://www.redbus.in/bus-tickets/tirupati-to-bangalore,BSRM Travels,Non A/C Seater / Sleeper (2+1),0 days 23:00:00,06h 25m,0 days 05:25:00,3.7
525,Tirupati to Bangalore,https://www.redbus.in/bus-tickets/tirupati-to-bangalore,RCV Travels,A/C Seater / Sleeper (2+1),0 days 23:00:00,05h 00m,0 days 04:00:00,3.3
526,Tirupati to Bangalore,https://www.redbus.in/bus-tickets/tirupati-to-bangalore,NueGo,A/C Seater (2+2),0 days 23:00:00,06h 45m,0 days 05:45:00,3.7
527,Tirupati to Bangalore,https://www.redbus.in/bus-tickets/tirupati-to-bangalore,RK Travels,Non A/C Seater / Sleeper (2+1),0 days 23:10:00,06h 30m,0 days 05:40:00,2.9
528,Tirupati to Bangalore,https://www.redbus.in/bus-tickets/tirupati-to-bangalore,GreenLine Travels And Holidays,A/C Sleeper (2+1),0 days 23:15:00,05h 45m,0 days 05:00:00,1.8
529,Tirupati to Bangalore,https://www.redbus.in/bus-tickets/tirupati-to-bangalore,BSRM Travels,A/C Seater / Sleeper (2+1),0 days 23:25:00,06h 15m,0 days 05:40:00,2.5
530,Tirupati to Bangalore,https://www.redbus.in/bus-tickets/tirupati-to-bangalore,RK Travels,A/C Seater / Sleeper (2+1),0 days 23:30:00,05h 50m,0 days 05:20:00,2.0
531,Tirupati to Bangalore,https://www.redbus.in/bus-tickets/tirupati-to-bangalore,CHOPPA TRAVELS,NON A/C Sleeper (2+1),0 days 23:30:00,05h 30m,0 days 05:00:00,3.4
532,Tirupati to Bangalore,https://www.redbus.in/bus-tickets/tirupati-to-bangalore,RK Travels,A/C Seater / Sleeper (2+1),0 days 23:30:00,06h 10m,0 days 05:40:00,4.6
533,Tirupati to Bangalore,https://www.redbus.in/bus-tickets/tirupati-to-bangalore,Sai Sindhu Travels,NON A/C Sleeper (2+1),0 days 23:30:00,05h 30m,0 days 05:00:00,3.1
534,Tirupati to Bangalore,https://www.redbus.in/bus-tickets/tirupati-to-bangalore,CHOPPA TRAVELS,Non A/C Seater / Sleeper (2+1),0 days 23:30:00,05h 45m,0 days 05:15:00,3.5
535,Tirupati to Bangalore,https://www.redbus.in/bus-tickets/tirupati-to-bangalore,Rajeswari Travels,A/C Sleeper (2+1),0 days 23:44:00,06h 01m,0 days 05:45:00,3.2
