route_name,route_link,busname,bustype,duparting_time,duration,reaching_time,star_rating,Price,Seats Available,ID
Khammam to Hyderabad,https://www.redbus.in/bus-tickets/khammam-to-hyderabad,Siri Tours and Travels,Non A/C Seater / Sleeper (2+1),00:40,05h 50m,06:30,3.5,INR 400,31 Seats available,1
Khammam to Hyderabad,https://www.redbus.in/bus-tickets/khammam-to-hyderabad,Bharathi Tours & Travels,Non A/C Seater / Sleeper (2+1),00:40,04h 20m,05:00,4.5,405,41 Seats available,2
Khammam to Hyderabad,https://www.redbus.in/bus-tickets/khammam-to-hyderabad,Bharathi Tours & Travels,A/C Sleeper (2+1),00:50,04h 40m,05:30,4.5,531,30 Seats available,3
Khammam to Hyderabad,https://www.redbus.in/bus-tickets/khammam-to-hyderabad,Sri Rama Travels,A/C Seater / Sleeper (2+1),01:30,05h 15m,06:45,4.1,INR 610,32 Seats available,4
Khammam to Hyderabad,https://www.redbus.in/bus-tickets/khammam-to-hyderabad,Mythri Tours And Travels,A/C Sleeper (2+1),01:30,05h 00m,06:30,4.8,629,32 Seats available,5
Khammam to Hyderabad,https://www.redbus.in/bus-tickets/khammam-to-hyderabad,Sri Sai Balaji Travels,A/C Sleeper (2+1),01:30,03h 30m,05:00,3.9,INR 799,19 Seats available,6
Khammam to Hyderabad,https://www.redbus.in/bus-tickets/khammam-to-hyderabad,DMR Travels,A/C Sleeper (2+1),02:00,03h 30m,05:30,3.6,INR 600,20 Seats available,7
Khammam to Hyderabad,https://www.redbus.in/bus-tickets/khammam-to-hyderabad,Mahadevv travels,Non A/C Seater / Sleeper (2+1),02:20,03h 10m,05:30,3.6,INR 449,33 Seats available,8
Khammam to Hyderabad,https://www.redbus.in/bus-tickets/khammam-to-hyderabad,Siri Tours and Travels,A/C Seater / Sleeper (2+1),02:29,05h 00m,07:29,3.5,INR 500,31 Seats available,9
Khammam to Hyderabad,https://www.redbus.in/bus-tickets/khammam-to-hyderabad,MAHABAHUSRIKVRTRAVELS,Non A/C Seater / Sleeper (2+1),02:30,04h 05m,06:35,3.4,INR 850,40 Seats available,10
Khammam to Hyderabad,https://www.redbus.in/bus-tickets/khammam-to-hyderabad,SVN TOURS & TRAVELS,A/C Semi Sleeper / Sleeper (2+1),06:00,05h 20m,11:20,3.1,INR 700,30 Seats available,11
Khammam to Hyderabad,https://www.redbus.in/bus-tickets/khammam-to-hyderabad,SVN TOURS & TRAVELS,A/C Semi Sleeper / Sleeper (2+1),08:05,02h 55m,11:00,3.1,INR 700,31 Seats available,12
Khammam to Hyderabad,https://www.redbus.in/bus-tickets/khammam-to-hyderabad,Bharathi Tours & Travels,Non A/C Seater / Sleeper (2+1),23:40,04h 20m,04:00,4.5,441,30 Seats available,13
Khammam to Hyderabad,https://www.redbus.in/bus-tickets/khammam-to-hyderabad,Sri Venkateswara Travels,Non A/C Seater / Sleeper (2+1),23:45,06h 15m,06:00,3.5,INR 550,31 Seats available,14
Khammam to Hyderabad,https://www.redbus.in/bus-tickets/khammam-to-hyderabad,Sri KVR Travels,A/C Seater / Sleeper (2+1),23:58,05h 02m,05:00,3.6,INR 480,24 Seats available,15
Khammam to Hyderabad,https://www.redbus.in/bus-tickets/khammam-to-hyderabad,Sri Krishna Travels(VGN),Non A/C Seater / Sleeper (2+1),23:59,06h 11m,06:10,3.1,INR 500,28 Seats available,16
Khammam to Hyderabad,https://www.redbus.in/bus-tickets/khammam-to-hyderabad,SAIRAJ TRAVELS,Non A/C Seater / Sleeper (2+1),23:59,06h 16m,06:15,4.3,INR 520,32 Seats available,17
Khammam to Hyderabad,https://www.redbus.in/bus-tickets/khammam-to-hyderabad,BSR Tours And Travels,A/C Seater / Sleeper (2+1),23:59,06h 01m,06:00,4.7,INR 580,38 Seats available,18
Khammam to Hyderabad,https://www.redbus.in/bus-tickets/khammam-to-hyderabad,Nani’s Sai Krishna Travels,Non A/C Seater / Sleeper (2+1),23:59,05h 01m,05:00,3.6,INR 470,37 Seats available,19
Khammam to Hyderabad,https://www.redbus.in/bus-tickets/khammam-to-hyderabad,BSR Tours And Travels,A/C Sleeper (2+1),23:59,06h 01m,06:00,4.6,INR 780,30 Seats available,20
Khammam to Hyderabad,https://www.redbus.in/bus-tickets/khammam-to-hyderabad,Nani’s Sai Krishna Travels,Non A/C Seater / Sleeper (2+1),23:59,05h 01m,05:00,3.6,INR 500,23 Seats available,21
Khammam to Hyderabad,https://www.redbus.in/bus-tickets/khammam-to-hyderabad,Sri KVR Travels,Non A/C Seater / Sleeper (2+1),00:30,05h 00m,05:30,3.1,INR 670,39 Seats available,22
Khammam to Hyderabad,https://www.redbus.in/bus-tickets/khammam-to-hyderabad,Orange Tours And Travels,NON A/C Seater/ Sleeper (2+1),00:30,04h 30m,05:00,3.4,INR 500,43 Seats available,23
Khammam to Hyderabad,https://www.redbus.in/bus-tickets/khammam-to-hyderabad,Mozo travels,A/C Seater / Sleeper (2+1),01:30,04h 30m,06:00,4.4,INR 499,39 Seats available,24
Khammam to Hyderabad,https://www.redbus.in/bus-tickets/khammam-to-hyderabad,Morning Star Travels,A/C Sleeper (2+1),01:00,03h 35m,04:35,1.3,INR 600,29 Seats available,25
Khammam to Hyderabad,https://www.redbus.in/bus-tickets/khammam-to-hyderabad,Orange Tours And Travels,A/C Sleeper (2+1),17:30,04h 20m,21:50,2.9,INR 400,42 Seats available,26
Khammam to Hyderabad,https://www.redbus.in/bus-tickets/khammam-to-hyderabad,Morning Star Travels,Scania AC Multi Axle Sleeper (2+1),18:00,03h 45m,21:45,1.3,INR 690,40 Seats available,27
Khammam to Hyderabad,https://www.redbus.in/bus-tickets/khammam-to-hyderabad,Sri Krishna Travels(VGN),NON A/C Hi-Tech (2+2),23:55,05h 30m,05:25,2.6,INR 450,31 Seats available,28
Khammam to Hyderabad,https://www.redbus.in/bus-tickets/khammam-to-hyderabad,Orange Tours And Travels,Bharat Benz A/C Sleeper (2+1),00:40,04h 20m,05:00,2.1,INR 750,20 Seats available,29
Khammam to Hyderabad,https://www.redbus.in/bus-tickets/khammam-to-hyderabad,Morning Star Travels,A/C Sleeper (2+1),01:30,03h 30m,05:00,1.3,INR 790,31 Seats available,30
Khammam to Hyderabad,https://www.redbus.in/bus-tickets/khammam-to-hyderabad,Sri Krishna Travels,Volvo Multi-Axle A/C Sleeper (2+1),02:00,04h 00m,06:00,3.6,INR 900,38 Seats available,31
Khammam to Hyderabad,https://www.redbus.in/bus-tickets/khammam-to-hyderabad,SAIRAJ TRAVELS,A/C Sleeper (2+1),23:59,05h 31m,05:30,5.0,1036,33 Seats available,32
Khammam to Hyderabad,https://www.redbus.in/bus-tickets/khammam-to-hyderabad,Bharathi Tours & Travels,A/C Sleeper (2+1),23:59,05h 01m,05:00,4.5,891,36 Seats available,33
Khammam to Hyderabad,https://www.redbus.in/bus-tickets/khammam-to-hyderabad,Bharathi Tours & Travels,Non A/C Seater / Sleeper (2+1),23:59,05h 01m,05:00,4.5,900,32 Seats available,34
Khammam to Hyderabad,https://www.redbus.in/bus-tickets/khammam-to-hyderabad,MAHABAHUSRIKVRTRAVELS,A/C Seater / Sleeper (2+1),02:00,04h 35m,06:35,3.4,INR 1100,28 Seats available,35
Khammam to Hyderabad,https://www.redbus.in/bus-tickets/khammam-to-hyderabad,SRI VEERANJANEYA TOURS AND TRAVELS,NON A/C Semi Sleeper (2+2),05:00,01h 00m,06:00,2.9,INR 3000,40 Seats available,36
Hyderabad to Vijayawada,https://www.redbus.in/bus-tickets/hyderabad-to-vijayawada,FRESHBUS,Electric A/C Seater (2+2),05:40,06h 45m,12:25,4.7,550,35 Seats available,37
Hyderabad to Vijayawada,https://www.redbus.in/bus-tickets/hyderabad-to-vijayawada,FRESHBUS,Electric A/C Seater (2+2),10:25,07h 30m,17:55,4.7,500,36 Seats available,38
Hyderabad to Vijayawada,https://www.redbus.in/bus-tickets/hyderabad-to-vijayawada,FRESHBUS,Electric A/C Seater (2+2),11:20,07h 30m,18:50,4.7,500,28 Seats available,39
Hyderabad to Vijayawada,https://www.redbus.in/bus-tickets/hyderabad-to-vijayawada,AdYolo Bus,Bharat Benz A/C Seater /Sleeper (2+1),06:55,05h 49m,12:44,4.8,INR 459,40 Seats available,40
Hyderabad to Vijayawada,https://www.redbus.in/bus-tickets/hyderabad-to-vijayawada,FRESHBUS,Electric A/C Seater (2+2),23:05,07h 10m,06:15,4.6,348,35 Seats available,41
Hyderabad to Vijayawada,https://www.redbus.in/bus-tickets/hyderabad-to-vijayawada,FRESHBUS,Electric A/C Seater (2+2),22:10,07h 30m,05:40,4.6,500,38 Seats available,42
Hyderabad to Vijayawada,https://www.redbus.in/bus-tickets/hyderabad-to-vijayawada,FRESHBUS,Electric A/C Seater (2+2),12:25,07h 35m,20:00,4.6,500,22 Seats available,43
Hyderabad to Vijayawada,https://www.redbus.in/bus-tickets/hyderabad-to-vijayawada,AdYolo Bus,A/C Sleeper (2+1),23:26,06h 38m,06:04,4.6,INR 550,32 Seats available,44
Hyderabad to Vijayawada,https://www.redbus.in/bus-tickets/hyderabad-to-vijayawada,FRESHBUS,Electric A/C Seater (2+2),04:15,06h 55m,11:10,4.6,630,34 Seats available,45
Hyderabad to Vijayawada,https://www.redbus.in/bus-tickets/hyderabad-to-vijayawada,NueGo,Electric A/C Seater (2+2),22:30,07h 30m,06:00,4.5,332,30 Seats available,46
Hyderabad to Vijayawada,https://www.redbus.in/bus-tickets/hyderabad-to-vijayawada,FRESHBUS,Electric A/C Seater (2+2),23:15,07h 15m,06:30,4.6,500,28 Seats available,47
Hyderabad to Vijayawada,https://www.redbus.in/bus-tickets/hyderabad-to-vijayawada,FRESHBUS,Electric A/C Seater (2+2),23:35,07h 30m,07:05,4.6,500,25 Seats available,48
Hyderabad to Vijayawada,https://www.redbus.in/bus-tickets/hyderabad-to-vijayawada,IntrCity SmartBus,AC Sleeper (2+1),23:30,07h 15m,06:45,4.6,INR 769,30 Seats available,49
Hyderabad to Vijayawada,https://www.redbus.in/bus-tickets/hyderabad-to-vijayawada,NueGo,Electric A/C Seater (2+2),06:00,06h 20m,12:20,4.5,379,23 Seats available,50
Hyderabad to Vijayawada,https://www.redbus.in/bus-tickets/hyderabad-to-vijayawada,IntrCity SmartBus,A/C Seater / Sleeper (2+1),23:05,06h 15m,05:20,4.4,INR 429,37 Seats available,51
Hyderabad to Vijayawada,https://www.redbus.in/bus-tickets/hyderabad-to-vijayawada,IntrCity SmartBus,A/C Seater / Sleeper (2+1),23:05,06h 55m,06:00,4.4,INR 439,33 Seats available,52
Hyderabad to Vijayawada,https://www.redbus.in/bus-tickets/hyderabad-to-vijayawada,Sri KVR Travels,A/C Sleeper (2+1),23:35,05h 40m,05:15,4.5,INR 890,32 Seats available,53
Hyderabad to Vijayawada,https://www.redbus.in/bus-tickets/hyderabad-to-vijayawada,Svkdt travels,A/C Sleeper (2+1),23:35,06h 15m,05:50,4.4,INR 589,27 Seats available,54
Hyderabad to Vijayawada,https://www.redbus.in/bus-tickets/hyderabad-to-vijayawada,FRESHBUS,Electric A/C Seater (2+2),12:10,07h 30m,19:40,4.5,348,32 Seats available,55
Hyderabad to Vijayawada,https://www.redbus.in/bus-tickets/hyderabad-to-vijayawada,NueGo,Electric A/C Seater (2+2),16:00,07h 00m,23:00,4.4,332,37 Seats available,56
Hyderabad to Vijayawada,https://www.redbus.in/bus-tickets/hyderabad-to-vijayawada,IntrCity SmartBus,AC Sleeper (2+1),23:25,06h 40m,06:05,4.4,INR 649,32 Seats available,57
Hyderabad to Vijayawada,https://www.redbus.in/bus-tickets/hyderabad-to-vijayawada,IntrCity SmartBus,Scania AC Multi Axle Sleeper (2+1),23:59,06h 31m,06:30,4.4,INR 709,26 Seats available,58
Hyderabad to Vijayawada,https://www.redbus.in/bus-tickets/hyderabad-to-vijayawada,NueGo,Electric A/C Seater (2+2),05:00,06h 05m,11:05,4.4,332,24 Seats available,59
Hyderabad to Vijayawada,https://www.redbus.in/bus-tickets/hyderabad-to-vijayawada,NueGo,Electric A/C Seater (2+2),22:35,06h 40m,05:15,4.4,379,31 Seats available,60
Hyderabad to Vijayawada,https://www.redbus.in/bus-tickets/hyderabad-to-vijayawada,Sri Sanvi Tours and Travels,A/C Sleeper (2+1),23:12,05h 41m,04:53,4.4,944,32 Seats available,61
Hyderabad to Vijayawada,https://www.redbus.in/bus-tickets/hyderabad-to-vijayawada,NueGo,Electric A/C Seater/Sleeper (2+1),23:00,07h 00m,06:00,4.3,379,22 Seats available,62
Hyderabad to Vijayawada,https://www.redbus.in/bus-tickets/hyderabad-to-vijayawada,Zingbus Plus,A/C Seater / Sleeper (2+1),22:55,06h 35m,05:30,4.6,494,26 Seats available,63
Hyderabad to Vijayawada,https://www.redbus.in/bus-tickets/hyderabad-to-vijayawada,NueGo,A/C Seater (2+2),10:00,06h 25m,16:25,4.3,332,31 Seats available,64
Hyderabad to Vijayawada,https://www.redbus.in/bus-tickets/hyderabad-to-vijayawada,IntrCity SmartBus,Bharat Benz A/C Seater /Sleeper (2+1),23:50,05h 45m,05:35,4.2,INR 429,32 Seats available,65
Hyderabad to Vijayawada,https://www.redbus.in/bus-tickets/hyderabad-to-vijayawada,IntrCity SmartBus,A/C Seater / Sleeper (2+1),23:45,06h 20m,06:05,4.3,INR 459,23 Seats available,66
Hyderabad to Vijayawada,https://www.redbus.in/bus-tickets/hyderabad-to-vijayawada,NueGo,Electric A/C Seater (2+2),23:50,06h 40m,06:30,4.3,379,23 Seats available,67
Hyderabad to Vijayawada,https://www.redbus.in/bus-tickets/hyderabad-to-vijayawada,Yolo Bus,A/C Seater / Sleeper (2+1),22:46,06h 38m,05:24,4.3,INR 510,28 Seats available,68
Hyderabad to Vijayawada,https://www.redbus.in/bus-tickets/hyderabad-to-vijayawada,IntrCity SmartBus,A/C Seater / Sleeper (2+1),00:15,06h 10m,06:25,4.3,INR 459,30 Seats available,69
Hyderabad to Vijayawada,https://www.redbus.in/bus-tickets/hyderabad-to-vijayawada,NueGo,Electric A/C Seater/Sleeper (2+1),10:30,06h 35m,17:05,4.3,332,37 Seats available,70
Hyderabad to Vijayawada,https://www.redbus.in/bus-tickets/hyderabad-to-vijayawada,Zingbus Plus,A/C Seater / Sleeper (2+1),23:30,06h 35m,06:05,4.2,340,40 Seats available,71
Hyderabad to Vijayawada,https://www.redbus.in/bus-tickets/hyderabad-to-vijayawada,NueGo,Electric A/C Seater (2+2),22:30,07h 05m,05:35,4.2,332,21 Seats available,72
Hyderabad to Vijayawada,https://www.redbus.in/bus-tickets/hyderabad-to-vijayawada,FRESHBUS,Electric A/C Seater (2+2),16:10,05h 40m,21:50,4.7,500,29 Seats available,73
Hyderabad to Vijayawada,https://www.redbus.in/bus-tickets/hyderabad-to-vijayawada,Sri Durga Malleswari Travels,A/C Sleeper (2+1),23:10,06h 15m,05:25,4.3,899,26 Seats available,74
Hyderabad to Vijayawada,https://www.redbus.in/bus-tickets/hyderabad-to-vijayawada,NueGo,Electric A/C Seater/Sleeper (2+1),22:00,07h 10m,05:10,4.2,379,32 Seats available,75
Hyderabad to Vijayawada,https://www.redbus.in/bus-tickets/hyderabad-to-vijayawada,NueGo,Electric A/C Seater (2+2),13:30,06h 40m,20:10,4.2,332,27 Seats available,76
Hyderabad to Vijayawada,https://www.redbus.in/bus-tickets/hyderabad-to-vijayawada,NueGo,Electric A/C Seater (2+2),12:00,06h 25m,18:25,4.2,332,24 Seats available,77
Hyderabad to Vijayawada,https://www.redbus.in/bus-tickets/hyderabad-to-vijayawada,NueGo,Electric A/C Seater (2+2),23:15,07h 20m,06:35,4.4,432,22 Seats available,78
Hyderabad to Vijayawada,https://www.redbus.in/bus-tickets/hyderabad-to-vijayawada,Tirumala Xpress,A/C Sleeper (2+1),23:00,06h 50m,05:50,4.1,809,24 Seats available,79
Hyderabad to Vijayawada,https://www.redbus.in/bus-tickets/hyderabad-to-vijayawada,NueGo,Electric A/C Seater (2+2),11:30,06h 40m,18:10,4.3,332,24 Seats available,80
Hyderabad to Vijayawada,https://www.redbus.in/bus-tickets/hyderabad-to-vijayawada,NueGo,Electric A/C Seater (2+2),15:00,06h 40m,21:40,4.1,379,33 Seats available,81
Hyderabad to Vijayawada,https://www.redbus.in/bus-tickets/hyderabad-to-vijayawada,Svkdt travels,A/C Seater / Sleeper (2+1),23:35,05h 55m,05:30,4.1,INR 449,24 Seats available,82
Hyderabad to Vijayawada,https://www.redbus.in/bus-tickets/hyderabad-to-vijayawada,Sri Durga Malleswari Travels,A/C Sleeper (2+1),23:10,05h 25m,04:35,4.2,899,40 Seats available,83
Hyderabad to Vijayawada,https://www.redbus.in/bus-tickets/hyderabad-to-vijayawada,IntrCity SmartBus,AC Sleeper (2+1),22:45,07h 05m,05:50,4.0,INR 749,21 Seats available,84
Hyderabad to Vijayawada,https://www.redbus.in/bus-tickets/hyderabad-to-vijayawada,Svkdt travels,A/C Sleeper (2+1),23:35,06h 15m,05:50,4.0,INR 589,42 Seats available,85
Hyderabad to Vijayawada,https://www.redbus.in/bus-tickets/hyderabad-to-vijayawada,NueGo,Electric A/C Seater (2+2),21:30,06h 50m,04:20,4.3,379,30 Seats available,86
Hyderabad to Vijayawada,https://www.redbus.in/bus-tickets/hyderabad-to-vijayawada,Sri KVR Travels,Non A/C Seater / Sleeper (2+1),23:13,05h 07m,04:20,4.0,INR 660,31 Seats available,87
Hyderabad to Vijayawada,https://www.redbus.in/bus-tickets/hyderabad-to-vijayawada,NueGo,Electric A/C Seater (2+2),09:30,07h 40m,17:10,4.2,451,24 Seats available,88
Hyderabad to Vijayawada,https://www.redbus.in/bus-tickets/hyderabad-to-vijayawada,IntrCity SmartBus,AC Sleeper (2+1),23:45,06h 40m,06:25,4.6,INR 729,26 Seats available,89
Hyderabad to Vijayawada,https://www.redbus.in/bus-tickets/hyderabad-to-vijayawada,Zingbus Plus,A/C Sleeper (2+1),16:10,08h 00m,00:10,4.0,658,24 Seats available,90
Hyderabad to Vijayawada,https://www.redbus.in/bus-tickets/hyderabad-to-vijayawada,LVR Travels,Non A/C Seater / Sleeper (2+1),23:37,06h 08m,05:45,3.9,602,32 Seats available,91
Hyderabad to Vijayawada,https://www.redbus.in/bus-tickets/hyderabad-to-vijayawada,NueGo,Electric A/C Seater (2+2),23:30,07h 00m,06:30,4.1,332,32 Seats available,92
Hyderabad to Vijayawada,https://www.redbus.in/bus-tickets/hyderabad-to-vijayawada,Sri Durga Malleswari Travels,A/C Seater / Sleeper (2+1),21:00,07h 40m,04:40,4.0,540,33 Seats available,93
Hyderabad to Vijayawada,https://www.redbus.in/bus-tickets/hyderabad-to-vijayawada,Go Tour Travels and Holidays,A/C Seater / Sleeper (2+1),22:48,05h 27m,04:15,4.4,INR 690,31 Seats available,94
Hyderabad to Vijayawada,https://www.redbus.in/bus-tickets/hyderabad-to-vijayawada,V Kaveri Travels,A/C Seater / Sleeper (2+1),23:00,05h 15m,04:15,3.8,INR 600,27 Seats available,95
Hyderabad to Vijayawada,https://www.redbus.in/bus-tickets/hyderabad-to-vijayawada,Orange Tours And Travels,NON A/C Seater/ Sleeper (2+1),23:00,06h 30m,05:30,3.7,INR 500,38 Seats available,96
Hyderabad to Vijayawada,https://www.redbus.in/bus-tickets/hyderabad-to-vijayawada,Orange Tours And Travels,A/C Sleeper (2+1),22:25,06h 20m,04:45,3.7,INR 900,39 Seats available,97
Hyderabad to Vijayawada,https://www.redbus.in/bus-tickets/hyderabad-to-vijayawada,Sri KVR Travels,A/C Sleeper (2+1),23:01,06h 30m,05:31,4.2,INR 999,28 Seats available,98
Hyderabad to Vijayawada,https://www.redbus.in/bus-tickets/hyderabad-to-vijayawada,LVP Travels,A/C Seater / Sleeper (2+1),22:19,06h 26m,04:45,3.7,INR 580,34 Seats available,99
Hyderabad to Vijayawada,https://www.redbus.in/bus-tickets/hyderabad-to-vijayawada,Anjani Bus,A/C Seater / Sleeper (2+1),22:40,06h 00m,04:40,3.6,INR 499,28 Seats available,100
Hyderabad to Vijayawada,https://www.redbus.in/bus-tickets/hyderabad-to-vijayawada,Sai RK Travels,Non A/C Seater / Sleeper (2+1),23:00,05h 35m,04:35,4.2,INR 610,35 Seats available,101
Hyderabad to Vijayawada,https://www.redbus.in/bus-tickets/hyderabad-to-vijayawada,Orange Tours And Travels,Bharat Benz A/C Sleeper (2+1),22:55,06h 50m,05:45,3.5,INR 800,32 Seats available,102
Hyderabad to Vijayawada,https://www.redbus.in/bus-tickets/hyderabad-to-vijayawada,BSR Tours And Travels,VE A/C Sleeper (2+1),22:00,06h 10m,04:10,4.2,INR 880,19 Seats available,103
Hyderabad to Vijayawada,https://www.redbus.in/bus-tickets/hyderabad-to-vijayawada,NueGo,Electric A/C Seater (2+2),22:00,07h 20m,05:20,4.2,474,20 Seats available,104
Hyderabad to Vijayawada,https://www.redbus.in/bus-tickets/hyderabad-to-vijayawada,Morning Star Travels,A/C Sleeper (2+1),23:05,06h 15m,05:20,3.7,INR 590,36 Seats available,105
Hyderabad to Vijayawada,https://www.redbus.in/bus-tickets/hyderabad-to-vijayawada,Sri Venkata Padmavathi Travels,Non A/C Seater / Sleeper (2+1),22:42,07h 18m,06:00,3.7,INR 533,36 Seats available,106
Hyderabad to Vijayawada,https://www.redbus.in/bus-tickets/hyderabad-to-vijayawada,IntrCity SmartBus,A/C Seater / Sleeper (2+1),19:05,07h 55m,03:00,4.8,INR 649,36 Seats available,107
Hyderabad to Vijayawada,https://www.redbus.in/bus-tickets/hyderabad-to-vijayawada,Tirumala Travels,A/C Sleeper (2+1),22:08,06h 22m,04:30,4.5,539,40 Seats available,108
Hyderabad to Vijayawada,https://www.redbus.in/bus-tickets/hyderabad-to-vijayawada,IntrCity SmartBus,AC Sleeper (2+1),20:30,07h 00m,03:30,5.0,INR 999,30 Seats available,109
Hyderabad to Vijayawada,https://www.redbus.in/bus-tickets/hyderabad-to-vijayawada,Kaveri Travels,Volvo Multi Axle A/C Sleeper I-Shift B11R (2+1),22:18,05h 47m,04:05,3.9,INR 899,31 Seats available,110
Hyderabad to Vijayawada,https://www.redbus.in/bus-tickets/hyderabad-to-vijayawada,Holidays Tours and Travels,A/C Seater / Sleeper (2+1),22:30,05h 55m,04:25,4.9,731,20 Seats available,111
Hyderabad to Vijayawada,https://www.redbus.in/bus-tickets/hyderabad-to-vijayawada,Orange Tours And Travels,NON A/C Seater/ Sleeper (2+1),22:15,06h 10m,04:25,3.7,INR 500,25 Seats available,112
Hyderabad to Vijayawada,https://www.redbus.in/bus-tickets/hyderabad-to-vijayawada,Morning Star Travels,A/C Sleeper (2+1),23:20,06h 05m,05:25,3.8,INR 590,28 Seats available,113
Hyderabad to Vijayawada,https://www.redbus.in/bus-tickets/hyderabad-to-vijayawada,Mythri Tours And Travels,A/C Sleeper (2+1),19:15,07h 13m,02:28,4.5,818,26 Seats available,114
Hyderabad to Vijayawada,https://www.redbus.in/bus-tickets/hyderabad-to-vijayawada,Nani Svkdt Travels,A/C Sleeper (2+1),23:20,05h 05m,04:25,3.6,999,35 Seats available,115
Hyderabad to Vijayawada,https://www.redbus.in/bus-tickets/hyderabad-to-vijayawada,V Kaveri Travels,A/C Seater / Sleeper (2+1),23:00,06h 10m,05:10,4.0,INR 650,26 Seats available,116
Hyderabad to Vijayawada,https://www.redbus.in/bus-tickets/hyderabad-to-vijayawada,Orange Tours And Travels,NON A/C Seater/ Sleeper (2+1),23:00,06h 45m,05:45,3.0,INR 500,33 Seats available,117
Hyderabad to Vijayawada,https://www.redbus.in/bus-tickets/hyderabad-to-vijayawada,Orange Tours And Travels,Bharat Benz A/C Sleeper (2+1),22:55,06h 50m,05:45,3.1,INR 800,24 Seats available,118
Hyderabad to Vijayawada,https://www.redbus.in/bus-tickets/hyderabad-to-vijayawada,IntrCity SmartBus,VE A/C Seater / Sleeper (2+1),18:45,07h 25m,02:10,4.7,INR 789,26 Seats available,119
Hyderabad to Vijayawada,https://www.redbus.in/bus-tickets/hyderabad-to-vijayawada,Yolo Bus,Bharat Benz A/C Seater /Sleeper (2+1),15:20,05h 49m,21:09,3.9,INR 250,27 Seats available,120
Hyderabad to Vijayawada,https://www.redbus.in/bus-tickets/hyderabad-to-vijayawada,Nani Svkdt Travels,A/C Sleeper (2+1),23:20,05h 10m,04:30,4.1,927,25 Seats available,121
Hyderabad to Vijayawada,https://www.redbus.in/bus-tickets/hyderabad-to-vijayawada,IntrCity SmartBus,A/C Seater / Sleeper (2+1),20:40,07h 55m,04:35,4.5,INR 669,41 Seats available,122
Hyderabad to Vijayawada,https://www.redbus.in/bus-tickets/hyderabad-to-vijayawada,Orange Tours And Travels,Bharat Benz A/C Sleeper (2+1),22:55,06h 20m,05:15,3.2,INR 800,28 Seats available,123
Hyderabad to Vijayawada,https://www.redbus.in/bus-tickets/hyderabad-to-vijayawada,Sai RK Travels,Non A/C Seater / Sleeper (2+1),22:55,05h 15m,04:10,4.1,INR 890,22 Seats available,124
Hyderabad to Vijayawada,https://www.redbus.in/bus-tickets/hyderabad-to-vijayawada,Orange Tours And Travels,NON A/C Sleeper (2+1),22:55,06h 50m,05:45,3.2,INR 700,22 Seats available,125
Hyderabad to Vijayawada,https://www.redbus.in/bus-tickets/hyderabad-to-vijayawada,Zingbus Plus,A/C Sleeper (2+1),17:30,07h 15m,00:45,4.6,943,27 Seats available,126
Hyderabad to Vijayawada,https://www.redbus.in/bus-tickets/hyderabad-to-vijayawada,Eswar Travels,A/C Seater / Sleeper (2+1),22:25,06h 05m,04:30,3.6,INR 600,37 Seats available,127
Hyderabad to Vijayawada,https://www.redbus.in/bus-tickets/hyderabad-to-vijayawada,Royal Varma Travels,A/C Sleeper (2+1),22:37,06h 08m,04:45,3.9,INR 1080,25 Seats available,128
Hyderabad to Vijayawada,https://www.redbus.in/bus-tickets/hyderabad-to-vijayawada,Prasanna Travels,A/C Seater / Sleeper (2+1),23:55,06h 20m,06:15,3.1,INR 550,25 Seats available,129
Hyderabad to Vijayawada,https://www.redbus.in/bus-tickets/hyderabad-to-vijayawada,Yolo Bus,Bharat Benz A/C Seater /Sleeper (2+1),23:20,05h 49m,05:09,4.0,INR 450,32 Seats available,130
Hyderabad to Vijayawada,https://www.redbus.in/bus-tickets/hyderabad-to-vijayawada,Go Tour Travels and Holidays,A/C Sleeper (2+1),22:48,05h 27m,04:15,4.2,INR 990,32 Seats available,131
Hyderabad to Vijayawada,https://www.redbus.in/bus-tickets/hyderabad-to-vijayawada,Kaveri Travels,Volvo Multi Axle A/C Sleeper I-Shift B11R (2+1),21:30,07h 00m,04:30,3.8,INR 769,37 Seats available,132
Hyderabad to Vijayawada,https://www.redbus.in/bus-tickets/hyderabad-to-vijayawada,LVR Travels,Non A/C Seater / Sleeper (2+1),22:13,06h 42m,04:55,4.5,INR 629,29 Seats available,133
Hyderabad to Vijayawada,https://www.redbus.in/bus-tickets/hyderabad-to-vijayawada,Sri Sai Srinivasa Travels,Non A/C Seater / Sleeper (2+1),22:10,06h 20m,04:30,3.9,INR 550,26 Seats available,134
Hyderabad to Vijayawada,https://www.redbus.in/bus-tickets/hyderabad-to-vijayawada,Sitara Travels,NON A/C Push Back (2+2),22:00,06h 00m,04:00,4.5,INR 744,21 Seats available,135
Hyderabad to Vijayawada,https://www.redbus.in/bus-tickets/hyderabad-to-vijayawada,LG BUS,A/C Seater / Sleeper (2+1),21:15,06h 55m,04:10,3.4,INR 650,24 Seats available,136
Hyderabad to Vijayawada,https://www.redbus.in/bus-tickets/hyderabad-to-vijayawada,LG BUS,A/C Sleeper (2+1),21:15,06h 50m,04:05,4.6,INR 850,47 Seats available,137
Hyderabad to Vijayawada,https://www.redbus.in/bus-tickets/hyderabad-to-vijayawada,KTR TRAVELS,Non A/C Seater / Sleeper (2+1),17:00,05h 45m,22:45,3.4,INR 999,37 Seats available,138
Hyderabad to Vijayawada,https://www.redbus.in/bus-tickets/hyderabad-to-vijayawada,SUNRISE TOUR AND TRAVELS,Non A/C Seater / Sleeper (2+1),21:00,07h 00m,04:00,3.4,741,37 Seats available,139
Hyderabad to Vijayawada,https://www.redbus.in/bus-tickets/hyderabad-to-vijayawada,NAVADISHA TRAVELS,A/C Seater / Sleeper (2+1),22:00,06h 10m,04:10,3.1,INR 950,40 Seats available,140
Hyderabad to Vijayawada,https://www.redbus.in/bus-tickets/hyderabad-to-vijayawada,Kakathiya Travels,NON A/C Sleeper (2+1),22:30,06h 00m,04:30,3.5,INR 888,26 Seats available,141
Hyderabad to Vijayawada,https://www.redbus.in/bus-tickets/hyderabad-to-vijayawada,Kakathiya Travels,NON AC Seater / Sleeper 2+1,22:30,06h 00m,04:30,3.8,INR 720,36 Seats available,142
Hyderabad to Vijayawada,https://www.redbus.in/bus-tickets/hyderabad-to-vijayawada,VLR Tours and Travels,Volvo Multi-Axle A/C Sleeper (2+1),22:00,02h 30m,00:30,4.2,INR 2000,31 Seats available,143
Hyderabad to Vijayawada,https://www.redbus.in/bus-tickets/hyderabad-to-vijayawada,VLR Tours and Travels,Volvo Multi-Axle A/C Sleeper (2+1),22:00,02h 30m,00:30,4.5,INR 2000,29 Seats available,144
Hyderabad to Vijayawada,https://www.redbus.in/bus-tickets/hyderabad-to-vijayawada,VLR Tours and Travels,Volvo Multi-Axle A/C Sleeper (2+1),22:00,02h 30m,00:30,4.5,INR 2000,31 Seats available,145
Hyderabad to Vijayawada,https://www.redbus.in/bus-tickets/hyderabad-to-vijayawada,SAI SIMHAPURI TRAVELS,A/C Seater (2+2),06:00,06h 20m,12:20,4.6,INR 2000,23 Seats available,146
Hyderabad to Vijayawada,https://www.redbus.in/bus-tickets/hyderabad-to-vijayawada,SAI SIMHAPURI TRAVELS,A/C Seater (2+2),23:00,06h 15m,05:15,4.7,INR 2000,29 Seats available,147
Hyderabad to Vijayawada,https://www.redbus.in/bus-tickets/hyderabad-to-vijayawada,Sudha Sri Tours and Travels,A/C Sleeper (2+1),22:55,05h 05m,04:00,4.2,760,30 Seats available,148
Hyderabad to Vijayawada,https://www.redbus.in/bus-tickets/hyderabad-to-vijayawada,Sri Sai Anjana Tours and Travels,Non A/C Seater / Sleeper (2+1),22:20,06h 05m,04:25,3.8,INR 670,31 Seats available,149
Hyderabad to Vijayawada,https://www.redbus.in/bus-tickets/hyderabad-to-vijayawada,V Kaveri Travels,Non A/C Seater / Sleeper (2+1),21:15,07h 15m,04:30,2.5,INR 790,27 Seats available,150
Hyderabad to Vijayawada,https://www.redbus.in/bus-tickets/hyderabad-to-vijayawada,Orange Tours And Travels,NON A/C Seater/ Sleeper (2+1),19:45,08h 10m,03:55,2.9,INR 500,30 Seats available,151
Hyderabad to Vijayawada,https://www.redbus.in/bus-tickets/hyderabad-to-vijayawada,Orange Tours And Travels,NON A/C Seater/ Sleeper (2+1),23:00,06h 30m,05:30,2.5,INR 500,26 Seats available,152
Hyderabad to Vijayawada,https://www.redbus.in/bus-tickets/hyderabad-to-vijayawada,Orange Tours And Travels,Volvo 9600 Multi-Axle A/C Sleeper (2+1),13:50,07h 25m,21:15,4.0,INR 1100,22 Seats available,153
Hyderabad to Vijayawada,https://www.redbus.in/bus-tickets/hyderabad-to-vijayawada,V Kaveri Travels,A/C Sleeper (2+1),22:20,06h 10m,04:30,4.9,INR 1000,37 Seats available,154
Hyderabad to Vijayawada,https://www.redbus.in/bus-tickets/hyderabad-to-vijayawada,IntrCity SmartBus,AC Sleeper (2+1),17:15,07h 05m,00:20,4.5,INR 929,36 Seats available,155
Hyderabad to Vijayawada,https://www.redbus.in/bus-tickets/hyderabad-to-vijayawada,Mayuri Travels,A/C Sleeper (2+1),22:00,05h 30m,03:30,4.3,INR 1220,33 Seats available,156
Hyderabad to Vijayawada,https://www.redbus.in/bus-tickets/hyderabad-to-vijayawada,Sri KVR Travels,Non A/C Seater / Sleeper (2+1),20:55,06h 30m,03:25,3.5,INR 2550,33 Seats available,157
Hyderabad to Vijayawada,https://www.redbus.in/bus-tickets/hyderabad-to-vijayawada,Yolo Bus,Bharat Benz A/C Sleeper (2+1),19:40,06h 49m,02:29,4.6,INR 1040,31 Seats available,158
Hyderabad to Vijayawada,https://www.redbus.in/bus-tickets/hyderabad-to-vijayawada,BSR Tours And Travels,A/C Seater / Sleeper (2+1),19:10,07h 20m,02:30,4.3,INR 880,31 Seats available,159
Hyderabad to Vijayawada,https://www.redbus.in/bus-tickets/hyderabad-to-vijayawada,Komali Travels,Non A/C Seater / Sleeper (2+1),21:00,07h 30m,04:30,4.1,INR 610,31 Seats available,160
Hyderabad to Vijayawada,https://www.redbus.in/bus-tickets/hyderabad-to-vijayawada,V Kaveri Travels,Non A/C Seater / Sleeper (2+1),22:25,06h 05m,04:30,3.6,INR 800,27 Seats available,161
Hyderabad to Vijayawada,https://www.redbus.in/bus-tickets/hyderabad-to-vijayawada,Orange Tours And Travels,Bharat Benz A/C Seater /Sleeper (2+1),22:55,06h 50m,05:45,3.7,INR 600,36 Seats available,162
Hyderabad to Vijayawada,https://www.redbus.in/bus-tickets/hyderabad-to-vijayawada,Orange Tours And Travels,NON A/C Seater/ Sleeper (2+1),19:45,08h 10m,03:55,3.9,INR 500,24 Seats available,163
Hyderabad to Vijayawada,https://www.redbus.in/bus-tickets/hyderabad-to-vijayawada,Venkteshwara Travels,A/C Sleeper (2+1),05:45,05h 00m,10:45,3.2,INR 599,22 Seats available,164
Hyderabad to Vijayawada,https://www.redbus.in/bus-tickets/hyderabad-to-vijayawada,Sai Srinivasa Travels,A/C Sleeper (2+1),22:35,05h 40m,04:15,2.6,INR 880,36 Seats available,165
Hyderabad to Vijayawada,https://www.redbus.in/bus-tickets/hyderabad-to-vijayawada,Mozo travels,A/C Sleeper (2+1),18:21,06h 49m,01:10,3.9,INR 891,27 Seats available,166
Hyderabad to Vijayawada,https://www.redbus.in/bus-tickets/hyderabad-to-vijayawada,Mythri Tours And Travels,A/C Sleeper (2+1),22:00,06h 05m,04:05,4.1,818,31 Seats available,167
Hyderabad to Vijayawada,https://www.redbus.in/bus-tickets/hyderabad-to-vijayawada,PRK Travels,Non A/C Seater / Sleeper (2+1),20:15,09h 00m,05:15,4.3,602,34 Seats available,168
Hyderabad to Vijayawada,https://www.redbus.in/bus-tickets/hyderabad-to-vijayawada,Morning Star Travels,NON A/C Sleeper (2+1),23:05,06h 05m,05:10,3.9,INR 550,23 Seats available,169
Hyderabad to Vijayawada,https://www.redbus.in/bus-tickets/hyderabad-to-vijayawada,Sri KVR Travels,Non A/C Seater / Sleeper (2+1),21:20,06h 15m,03:35,3.2,INR 740,31 Seats available,170
Hyderabad to Vijayawada,https://www.redbus.in/bus-tickets/hyderabad-to-vijayawada,V Kaveri Travels,Non A/C Seater / Sleeper (2+1),16:20,06h 55m,23:15,3.9,INR 700,26 Seats available,171
Hyderabad to Vijayawada,https://www.redbus.in/bus-tickets/hyderabad-to-vijayawada,Sai Srinivasa Travels,Non A/C Seater / Sleeper (2+1),21:30,06h 35m,04:05,3.8,INR 590,32 Seats available,172
Hyderabad to Vijayawada,https://www.redbus.in/bus-tickets/hyderabad-to-vijayawada,LVP Travels,A/C Seater / Sleeper (2+1),21:55,06h 25m,04:20,3.3,495,29 Seats available,173
Hyderabad to Vijayawada,https://www.redbus.in/bus-tickets/hyderabad-to-vijayawada,V Kaveri Travels,A/C Seater / Sleeper (2+1),16:20,06h 55m,23:15,2.4,INR 700,26 Seats available,174
Hyderabad to Vijayawada,https://www.redbus.in/bus-tickets/hyderabad-to-vijayawada,Navayuga Travels,NON AC Seater / Sleeper 2+1,21:50,06h 20m,04:10,4.2,INR 780,36 Seats available,175
Hyderabad to Vijayawada,https://www.redbus.in/bus-tickets/hyderabad-to-vijayawada,Chandu Travels,A/C Seater / Sleeper (2+1),22:45,05h 45m,04:30,4.2,637,29 Seats available,176
Hyderabad to Vijayawada,https://www.redbus.in/bus-tickets/hyderabad-to-vijayawada,Morning Star Travels,A/C Sleeper (2+1),06:25,05h 55m,12:20,4.3,INR 500,22 Seats available,177
Hyderabad to Vijayawada,https://www.redbus.in/bus-tickets/hyderabad-to-vijayawada,V Kaveri Travels,Non A/C Seater / Sleeper (2+1),22:20,06h 25m,04:45,3.7,INR 800,40 Seats available,178
Hyderabad to Vijayawada,https://www.redbus.in/bus-tickets/hyderabad-to-vijayawada,Ramana Tours And Travels,NON AC Seater / Sleeper 2+1,22:15,06h 30m,04:45,4.2,637,27 Seats available,179
Hyderabad to Vijayawada,https://www.redbus.in/bus-tickets/hyderabad-to-vijayawada,BSR Tours And Travels,VE A/C Sleeper (2+1),22:00,06h 20m,04:20,3.2,INR 1180,35 Seats available,180
Hyderabad to Vijayawada,https://www.redbus.in/bus-tickets/hyderabad-to-vijayawada,KVR Tours and Travels,A/C Seater / Sleeper (2+1),21:55,06h 20m,04:15,4.0,INR 3000,20 Seats available,181
Hyderabad to Vijayawada,https://www.redbus.in/bus-tickets/hyderabad-to-vijayawada,Orange Tours And Travels,Volvo 9600 Multi-Axle A/C Sleeper (2+1),22:15,06h 20m,04:35,1.7,INR 1000,27 Seats available,182
Hyderabad to Vijayawada,https://www.redbus.in/bus-tickets/hyderabad-to-vijayawada,Mayuri Travels,Non A/C Seater / Sleeper (2+1),22:10,05h 50m,04:00,4.0,INR 890,24 Seats available,183
Hyderabad to Vijayawada,https://www.redbus.in/bus-tickets/hyderabad-to-vijayawada,Ramana Tours And Travels,A/C Seater / Sleeper (2+1),21:55,06h 55m,04:50,3.6,618,38 Seats available,184
Hyderabad to Vijayawada,https://www.redbus.in/bus-tickets/hyderabad-to-vijayawada,KKaveri Travels,Non A/C Seater / Sleeper (2+1),18:15,07h 45m,02:00,3.6,INR 890,31 Seats available,185
Hyderabad to Vijayawada,https://www.redbus.in/bus-tickets/hyderabad-to-vijayawada,Orange Tours And Travels,A/C Sleeper (2+1),23:00,06h 15m,05:15,3.6,INR 800,32 Seats available,186
Hyderabad to Vijayawada,https://www.redbus.in/bus-tickets/hyderabad-to-vijayawada,Sri Rama Travels,Non A/C Seater / Sleeper (2+1),22:40,05h 35m,04:15,3.4,INR 720,32 Seats available,187
Hyderabad to Vijayawada,https://www.redbus.in/bus-tickets/hyderabad-to-vijayawada,Sri Sai Anjana Tours and Travels,Non A/C Seater / Sleeper (2+1),21:00,06h 45m,03:45,3.0,INR 670,35 Seats available,188
Hyderabad to Vijayawada,https://www.redbus.in/bus-tickets/hyderabad-to-vijayawada,Sri Rama Travels,A/C Seater / Sleeper (2+1),22:25,05h 50m,04:15,2.3,INR 720,39 Seats available,189
Hyderabad to Vijayawada,https://www.redbus.in/bus-tickets/hyderabad-to-vijayawada,V Kaveri Travels,Non A/C Seater / Sleeper (2+1),22:20,06h 45m,05:05,3.6,INR 800,21 Seats available,190
Hyderabad to Vijayawada,https://www.redbus.in/bus-tickets/hyderabad-to-vijayawada,Jayanthi Travels,Non A/C Seater / Sleeper (2+1),20:55,06h 55m,03:50,2.5,INR 780,40 Seats available,191
Hyderabad to Vijayawada,https://www.redbus.in/bus-tickets/hyderabad-to-vijayawada,Orange Tours And Travels,A/C Seater / Sleeper (2+1),17:00,08h 00m,01:00,2.9,INR 1000,36 Seats available,192
Hyderabad to Vijayawada,https://www.redbus.in/bus-tickets/hyderabad-to-vijayawada,Sri Shivanjaneya Travels,A/C Seater / Sleeper (2+1),22:57,05h 33m,04:30,3.1,589,24 Seats available,193
Hyderabad to Vijayawada,https://www.redbus.in/bus-tickets/hyderabad-to-vijayawada,Orange Tours and Travels Grand,A/C Sleeper (2+1),05:35,05h 25m,11:00,3.1,INR 800,36 Seats available,194
Hyderabad to Vijayawada,https://www.redbus.in/bus-tickets/hyderabad-to-vijayawada,Eswar Travels,Non A/C Seater / Sleeper (2+1),22:20,06h 15m,04:35,2.2,INR 700,27 Seats available,195
Hyderabad to Vijayawada,https://www.redbus.in/bus-tickets/hyderabad-to-vijayawada,LVP Travels,A/C Seater / Sleeper (2+1),21:50,06h 30m,04:20,2.4,702,30 Seats available,196
Hyderabad to Vijayawada,https://www.redbus.in/bus-tickets/hyderabad-to-vijayawada,RAMK HOLIDAYS (GMRK TOURS AND TRAVELS),Bharat Benz A/C Sleeper (2+1),04:00,04h 40m,08:40,2.3,INR 649,36 Seats available,197
Hyderabad to Vijayawada,https://www.redbus.in/bus-tickets/hyderabad-to-vijayawada,Sri Sai Anjana Tours and Travels,Non A/C Seater / Sleeper (2+1),19:46,07h 06m,02:52,2.7,INR 670,24 Seats available,198
Hyderabad to Vijayawada,https://www.redbus.in/bus-tickets/hyderabad-to-vijayawada,Komali Travels,A/C Seater / Sleeper (2+1),22:10,05h 50m,04:00,2.1,INR 780,27 Seats available,199
Hyderabad to Vijayawada,https://www.redbus.in/bus-tickets/hyderabad-to-vijayawada,Orange Tours And Travels,NON A/C Seater/ Sleeper (2+1),17:50,08h 25m,02:15,2.7,INR 900,23 Seats available,200
Hyderabad to Vijayawada,https://www.redbus.in/bus-tickets/hyderabad-to-vijayawada,Orange Tours And Travels,A/C Sleeper (2+1),22:20,06h 15m,04:35,2.5,INR 800,32 Seats available,201
Hyderabad to Vijayawada,https://www.redbus.in/bus-tickets/hyderabad-to-vijayawada,BSR Tours And Travels,A/C Seater / Sleeper (2+1),18:05,07h 45m,01:50,2.8,INR 680,35 Seats available,202
Hyderabad to Vijayawada,https://www.redbus.in/bus-tickets/hyderabad-to-vijayawada,Sai Dasari Travels,Non A/C Seater / Sleeper (2+1),23:05,05h 22m,04:27,2.5,INR 600,35 Seats available,203
Hyderabad to Vijayawada,https://www.redbus.in/bus-tickets/hyderabad-to-vijayawada,Sri KVR Travels,Non A/C Seater / Sleeper (2+1),19:00,07h 05m,02:05,3.0,INR 990,41 Seats available,204
Hyderabad to Vijayawada,https://www.redbus.in/bus-tickets/hyderabad-to-vijayawada,Ajay Bus,Non A/C Seater / Sleeper (2+1),22:45,05h 55m,04:40,2.7,INR 660,36 Seats available,205
Hyderabad to Vijayawada,https://www.redbus.in/bus-tickets/hyderabad-to-vijayawada,KVR Tours and Travels,A/C Sleeper (2+1),20:30,05h 35m,02:05,2.3,INR 870,31 Seats available,206
Hyderabad to Vijayawada,https://www.redbus.in/bus-tickets/hyderabad-to-vijayawada,Orange Tours And Travels,NON A/C Sleeper (2+1),19:30,06h 30m,02:00,2.7,INR 700,34 Seats available,207
Hyderabad to Vijayawada,https://www.redbus.in/bus-tickets/hyderabad-to-vijayawada,Nani’s Sai Krishna Travels,Non A/C Seater / Sleeper (2+1),22:17,05h 13m,03:30,2.8,INR 799,28 Seats available,208
Hyderabad to Vijayawada,https://www.redbus.in/bus-tickets/hyderabad-to-vijayawada,Morning Star Travels,A/C Sleeper (2+1),23:05,05h 55m,05:00,1.7,INR 590,31 Seats available,209
Hyderabad to Vijayawada,https://www.redbus.in/bus-tickets/hyderabad-to-vijayawada,CVR Express,Non A/C Seater / Sleeper (2+1),21:40,06h 40m,04:20,1.7,INR 670,37 Seats available,210
Hyderabad to Vijayawada,https://www.redbus.in/bus-tickets/hyderabad-to-vijayawada,Sri Venkata Padmavathi Travels,A/C Seater / Sleeper (2+1),22:40,06h 05m,04:45,2.5,INR 502,36 Seats available,211
Hyderabad to Vijayawada,https://www.redbus.in/bus-tickets/hyderabad-to-vijayawada,KKaveri Travels,Non A/C Seater / Sleeper (2+1),22:27,05h 33m,04:00,2.8,INR 840,33 Seats available,212
Hyderabad to Vijayawada,https://www.redbus.in/bus-tickets/hyderabad-to-vijayawada,Jagan Travels,Non A/C Seater / Sleeper (2+1),14:00,08h 05m,22:05,1.5,INR 600,32 Seats available,213
Hyderabad to Vijayawada,https://www.redbus.in/bus-tickets/hyderabad-to-vijayawada,Sri KVR Travels,Non A/C Seater / Sleeper (2+1),22:15,05h 15m,03:30,1.2,INR 670,32 Seats available,214
Hyderabad to Vijayawada,https://www.redbus.in/bus-tickets/hyderabad-to-vijayawada,Sai RK Travels,Non A/C Seater / Sleeper (2+1),22:00,06h 00m,04:00,1.0,INR 670,31 Seats available,215
Hyderabad to Vijayawada,https://www.redbus.in/bus-tickets/hyderabad-to-vijayawada,Sai Virat Travels,Volvo Multi-Axle A/C Sleeper (2+1),22:10,04h 55m,03:05,2.8,700,33 Seats available,216
Hyderabad to Vijayawada,https://www.redbus.in/bus-tickets/hyderabad-to-vijayawada,Sai RK Travels,Non A/C Seater / Sleeper (2+1),22:35,05h 55m,04:30,2.6,INR 890,40 Seats available,217
Hyderabad to Vijayawada,https://www.redbus.in/bus-tickets/hyderabad-to-vijayawada,Sai Sri Krishna Travels,A/C Seater / Sleeper (2+1),22:35,05h 55m,04:30,2.6,INR 780,25 Seats available,218
Hyderabad to Vijayawada,https://www.redbus.in/bus-tickets/hyderabad-to-vijayawada,Navayuga Travels,NON AC Seater / Sleeper 2+1,19:56,08h 34m,04:30,2.1,INR 780,30 Seats available,219
Hyderabad to Vijayawada,https://www.redbus.in/bus-tickets/hyderabad-to-vijayawada,Mozo travels,A/C Sleeper (2+1),20:55,07h 55m,04:50,1.4,INR 900,26 Seats available,220
Hyderabad to Vijayawada,https://www.redbus.in/bus-tickets/hyderabad-to-vijayawada,Vikram Travels,VE A/C Sleeper (2+1),05:40,05h 00m,10:40,2.5,INR 719,19 Seats available,221
Hyderabad to Vijayawada,https://www.redbus.in/bus-tickets/hyderabad-to-vijayawada,Mozo travels,A/C Seater / Sleeper (2+1),20:50,07h 20m,04:10,1.6,INR 620,37 Seats available,222
Hyderabad to Vijayawada,https://www.redbus.in/bus-tickets/hyderabad-to-vijayawada,BSR Tours And Travels,A/C Seater / Sleeper (2+1),22:00,06h 10m,04:10,5.0,INR 680,31 Seats available,223
Hyderabad to Vijayawada,https://www.redbus.in/bus-tickets/hyderabad-to-vijayawada,LIMOLINER,A/C Sleeper (2+1),17:20,08h 40m,02:00,5.0,INR 989,33 Seats available,224
Hyderabad to Vijayawada,https://www.redbus.in/bus-tickets/hyderabad-to-vijayawada,Morning Star Travels,A/C Sleeper (2+1),23:05,05h 50m,04:55,4.8,INR 590,30 Seats available,225
Hyderabad to Vijayawada,https://www.redbus.in/bus-tickets/hyderabad-to-vijayawada,Nani’s Sai Krishna Travels,NON A/C Hi-Tech Push Back (2+2),22:40,05h 50m,04:30,4.6,INR 5000,31 Seats available,226
Hyderabad to Vijayawada,https://www.redbus.in/bus-tickets/hyderabad-to-vijayawada,KKaveri Travels,Non A/C Seater / Sleeper (2+1),22:25,05h 15m,03:40,4.6,INR 890,37 Seats available,227
Hyderabad to Vijayawada,https://www.redbus.in/bus-tickets/hyderabad-to-vijayawada,Ramana Tours And Travels,NON AC Seater / Sleeper 2+1,21:55,07h 05m,05:00,4.5,637,24 Seats available,228
Hyderabad to Vijayawada,https://www.redbus.in/bus-tickets/hyderabad-to-vijayawada,Siri Tours and Travels,Non A/C Seater / Sleeper (2+1),22:13,05h 47m,04:00,4.3,INR 670,30 Seats available,229
Hyderabad to Vijayawada,https://www.redbus.in/bus-tickets/hyderabad-to-vijayawada,Siri Tours and Travels,A/C Seater / Sleeper (2+1),18:50,07h 50m,02:40,4.3,INR 670,32 Seats available,230
Hyderabad to Vijayawada,https://www.redbus.in/bus-tickets/hyderabad-to-vijayawada,Siri Tours and Travels,A/C Seater / Sleeper (2+1),18:35,07h 35m,02:10,4.3,INR 670,27 Seats available,231
Hyderabad to Vijayawada,https://www.redbus.in/bus-tickets/hyderabad-to-vijayawada,Sri Keerthana Sai Travels,Non A/C Seater / Sleeper (2+1),15:25,08h 20m,23:45,4.3,INR 600,34 Seats available,232
Hyderabad to Vijayawada,https://www.redbus.in/bus-tickets/hyderabad-to-vijayawada,Rainbow Tours And Travels,Non A/C Seater / Sleeper (2+1),19:25,06h 55m,02:20,4.3,INR 799,36 Seats available,233
Hyderabad to Vijayawada,https://www.redbus.in/bus-tickets/hyderabad-to-vijayawada,V Kaveri Travels,Non A/C Seater / Sleeper (2+1),14:50,06h 10m,21:00,4.2,INR 780,35 Seats available,234
Hyderabad to Vijayawada,https://www.redbus.in/bus-tickets/hyderabad-to-vijayawada,BSR Tours And Travels,Volvo 9600 Multi-Axle A/C Sleeper (2+1),17:07,07h 58m,01:05,4.2,INR 1509,27 Seats available,235
Hyderabad to Vijayawada,https://www.redbus.in/bus-tickets/hyderabad-to-vijayawada,BSR Tours And Travels,A/C Seater / Sleeper (2+1),19:10,06h 40m,01:50,4.2,INR 880,24 Seats available,236
Hyderabad to Vijayawada,https://www.redbus.in/bus-tickets/hyderabad-to-vijayawada,Mahi Trans Solutions,Non A/C Seater / Sleeper (2+1),22:00,06h 15m,04:15,4.2,INR 670,40 Seats available,237
Hyderabad to Vijayawada,https://www.redbus.in/bus-tickets/hyderabad-to-vijayawada,Shyamoli Paribahan Pvt Ltd,A/C Seater/Sleeper (2+1),19:50,07h 40m,03:30,4.2,700,36 Seats available,238
Hyderabad to Vijayawada,https://www.redbus.in/bus-tickets/hyderabad-to-vijayawada,Shyamoli Paribahan Pvt Ltd,A/C Seater/Sleeper (2+1),14:20,07h 30m,21:50,4.1,949,34 Seats available,239
Hyderabad to Vijayawada,https://www.redbus.in/bus-tickets/hyderabad-to-vijayawada,Express Line,VE A/C Seater / Sleeper (2+1),15:55,05h 10m,21:05,4.1,INR 999,34 Seats available,240
Hyderabad to Vijayawada,https://www.redbus.in/bus-tickets/hyderabad-to-vijayawada,GMC Travels,A/C Seater / Sleeper (2+1),22:00,05h 30m,03:30,4.1,INR 649,36 Seats available,241
Hyderabad to Vijayawada,https://www.redbus.in/bus-tickets/hyderabad-to-vijayawada,SREE CHAKRA TRAVELS,Non A/C Seater / Sleeper (2+1),22:30,05h 30m,04:00,4.1,INR 670,29 Seats available,242
Hyderabad to Vijayawada,https://www.redbus.in/bus-tickets/hyderabad-to-vijayawada,GMC Travels,A/C Seater / Sleeper (2+1),15:55,07h 50m,23:45,4.0,INR 680,27 Seats available,243
Hyderabad to Vijayawada,https://www.redbus.in/bus-tickets/hyderabad-to-vijayawada,Neelachal Travels,A/C Seater / Sleeper (2+1),17:30,05h 15m,22:45,4.0,INR 1000,40 Seats available,244
Hyderabad to Vijayawada,https://www.redbus.in/bus-tickets/hyderabad-to-vijayawada,Sri Sai Anjana Tours and Travels,Non A/C Seater / Sleeper (2+1),22:10,06h 30m,04:40,4.0,INR 670,23 Seats available,245
Hyderabad to Vijayawada,https://www.redbus.in/bus-tickets/hyderabad-to-vijayawada,Jayanthi Travels,Non A/C Seater / Sleeper (2+1),21:15,05h 45m,03:00,4.0,INR 780,21 Seats available,246
Hyderabad to Vijayawada,https://www.redbus.in/bus-tickets/hyderabad-to-vijayawada,Jayanthi Travels,Non A/C Seater / Sleeper (2+1),19:45,07h 15m,03:00,4.0,INR 780,9 Seats available,247
Hyderabad to Vijayawada,https://www.redbus.in/bus-tickets/hyderabad-to-vijayawada,Jayanthi Travels,Non A/C Seater / Sleeper (2+1),20:40,08h 00m,04:40,3.9,INR 890,30 Seats available,248
Hyderabad to Vijayawada,https://www.redbus.in/bus-tickets/hyderabad-to-vijayawada,Svkdt travels,A/C Sleeper (2+1),17:05,09h 00m,02:05,3.9,INR 989,25 Seats available,249
Hyderabad to Vijayawada,https://www.redbus.in/bus-tickets/hyderabad-to-vijayawada,Jayanthi Travels,A/C Sleeper (2+1),20:40,06h 50m,03:30,3.9,INR 1330,32 Seats available,250
Hyderabad to Vijayawada,https://www.redbus.in/bus-tickets/hyderabad-to-vijayawada,Sri KVR Travels,A/C Seater / Sleeper (2+1),16:45,07h 55m,00:40,3.9,INR 899,28 Seats available,251
Hyderabad to Vijayawada,https://www.redbus.in/bus-tickets/hyderabad-to-vijayawada,Sree Gowtham Travels,A/C Sleeper (2+1),22:00,07h 15m,05:15,3.9,INR 800,46 Seats available,252
Hyderabad to Vijayawada,https://www.redbus.in/bus-tickets/hyderabad-to-vijayawada,Sri KVR Travels,Non A/C Seater / Sleeper (2+1),19:10,07h 15m,02:25,3.9,INR 740,24 Seats available,253
Hyderabad to Vijayawada,https://www.redbus.in/bus-tickets/hyderabad-to-vijayawada,Sri KVR Travels,Non A/C Seater / Sleeper (2+1),14:59,08h 06m,23:05,3.9,INR 899,26 Seats available,254
Hyderabad to Vijayawada,https://www.redbus.in/bus-tickets/hyderabad-to-vijayawada,Go Bus Travels,Non A/C Seater / Sleeper (2+1),22:47,05h 28m,04:15,3.9,570,50 Seats available,255
Hyderabad to Vijayawada,https://www.redbus.in/bus-tickets/hyderabad-to-vijayawada,Padma Travels,Non A/C Seater / Sleeper (2+1),21:30,06h 30m,04:00,3.9,INR 720,36 Seats available,256
Hyderabad to Vijayawada,https://www.redbus.in/bus-tickets/hyderabad-to-vijayawada,SAMANVI CITICONNECT,A/C Sleeper (2+1),21:55,06h 10m,04:05,3.9,INR 909,1 Seat available,257
Hyderabad to Vijayawada,https://www.redbus.in/bus-tickets/hyderabad-to-vijayawada,SAMANVI CITICONNECT,Non A/C Seater / Sleeper (2+1),21:55,06h 20m,04:15,3.9,INR 780,25 Seats available,258
Hyderabad to Vijayawada,https://www.redbus.in/bus-tickets/hyderabad-to-vijayawada,Shree Manikanta Travels,A/C Sleeper (2+1),15:15,08h 25m,23:40,3.9,INR 1249,27 Seats available,259
Hyderabad to Vijayawada,https://www.redbus.in/bus-tickets/hyderabad-to-vijayawada,Mayuri Travels,Non A/C Seater / Sleeper (2+1),19:50,06h 10m,02:00,3.8,INR 780,37 Seats available,260
Hyderabad to Vijayawada,https://www.redbus.in/bus-tickets/hyderabad-to-vijayawada,Mayuri Travels,Non A/C Seater / Sleeper (2+1),14:40,06h 05m,20:45,3.8,INR 999,41 Seats available,261
Hyderabad to Vijayawada,https://www.redbus.in/bus-tickets/hyderabad-to-vijayawada,Puri Jagannadh Tours And Travels,Non A/C Seater / Sleeper (2+1),20:34,07h 11m,03:45,3.6,INR 777,8 Seats available,262
Hyderabad to Vijayawada,https://www.redbus.in/bus-tickets/hyderabad-to-vijayawada,SREE KARA TRAVELS,Non A/C Seater / Sleeper (2+1),21:45,06h 30m,04:15,4.4,603,25 Seats available,263
Hyderabad to Vijayawada,https://www.redbus.in/bus-tickets/hyderabad-to-vijayawada,Kaveri Travels,A/C Seater / Sleeper (2+1),21:36,04h 54m,02:30,3.7,INR 780,27 Seats available,264
Hyderabad to Vijayawada,https://www.redbus.in/bus-tickets/hyderabad-to-vijayawada,Sai RK Travels,Non A/C Seater / Sleeper (2+1),21:15,07h 15m,04:30,3.7,INR 780,24 Seats available,265
Hyderabad to Vijayawada,https://www.redbus.in/bus-tickets/hyderabad-to-vijayawada,Mayuri Travels,Non A/C Seater / Sleeper (2+1),19:55,06h 05m,02:00,3.7,INR 780,26 Seats available,266
Hyderabad to Vijayawada,https://www.redbus.in/bus-tickets/hyderabad-to-vijayawada,LVR Travels,Non A/C Seater / Sleeper (2+1),22:13,06h 52m,05:05,3.7,602,18 Seats available,267
Hyderabad to Vijayawada,https://www.redbus.in/bus-tickets/hyderabad-to-vijayawada,Mayuri Travels,A/C Sleeper (2+1),19:56,06h 34m,02:30,3.6,INR 1450,27 Seats available,268
Hyderabad to Vijayawada,https://www.redbus.in/bus-tickets/hyderabad-to-vijayawada,Mayuri Travels,A/C Seater / Sleeper (2+1),17:30,06h 25m,23:55,3.6,INR 900,22 Seats available,269
Hyderabad to Vijayawada,https://www.redbus.in/bus-tickets/hyderabad-to-vijayawada,VAHINI Travels,Non A/C Seater / Sleeper (2+1),22:37,06h 08m,04:45,3.6,INR 780,33 Seats available,270
Hyderabad to Vijayawada,https://www.redbus.in/bus-tickets/hyderabad-to-vijayawada,Puri Jagannadh Tours And Travels,A/C Seater / Sleeper (2+1),22:30,05h 25m,03:55,3.6,INR 1111,29 Seats available,271
Hyderabad to Vijayawada,https://www.redbus.in/bus-tickets/hyderabad-to-vijayawada,Navayuga Travels,NON AC Seater / Sleeper 2+1,13:25,07h 45m,21:10,3.6,INR 1790,1 Seat available,272
Hyderabad to Vijayawada,https://www.redbus.in/bus-tickets/hyderabad-to-vijayawada,Sri Sai Padmavathi Travels,A/C Seater/Sleeper (2+1),23:00,06h 20m,05:20,3.6,INR 549,32 Seats available,273
Hyderabad to Vijayawada,https://www.redbus.in/bus-tickets/hyderabad-to-vijayawada,Sai Srinivasa Travels,Non A/C Seater / Sleeper (2+1),23:00,05h 50m,04:50,3.6,INR 570,23 Seats available,274
Hyderabad to Vijayawada,https://www.redbus.in/bus-tickets/hyderabad-to-vijayawada,Yolo Bus,A/C Seater / Sleeper (2+1),22:59,06h 20m,05:19,3.6,INR 620,30 Seats available,275
Hyderabad to Vijayawada,https://www.redbus.in/bus-tickets/hyderabad-to-vijayawada,Sri Sai Balaji Travels,A/C Seater / Sleeper (2+1),20:30,03h 15m,23:45,3.6,INR 3999,24 Seats available,276
Hyderabad to Vijayawada,https://www.redbus.in/bus-tickets/hyderabad-to-vijayawada,SS Prasanna Travels,A/C Seater (2+2),23:00,06h 05m,05:05,3.4,INR 3999,28 Seats available,277
Hyderabad to Vijayawada,https://www.redbus.in/bus-tickets/hyderabad-to-vijayawada,V Kaveri Travels,A/C Sleeper (2+1),22:20,06h 10m,04:30,4.5,INR 1000,1 Seat available,278
Hyderabad to Vijayawada,https://www.redbus.in/bus-tickets/hyderabad-to-vijayawada,CVR Travels,Non A/C Seater / Sleeper (2+1),22:40,05h 35m,04:15,3.2,INR 670,41 Seats available,279
Hyderabad to Vijayawada,https://www.redbus.in/bus-tickets/hyderabad-to-vijayawada,Ramana Tours And Travels,Non A/C Seater / Sleeper (2+1),22:20,06h 40m,05:00,3.4,637,32 Seats available,280
Hyderabad to Vijayawada,https://www.redbus.in/bus-tickets/hyderabad-to-vijayawada,Ramana Tours And Travels,Non A/C Seater / Sleeper (2+1),22:12,05h 48m,04:00,3.4,637,1 Seat available,281
Hyderabad to Vijayawada,https://www.redbus.in/bus-tickets/hyderabad-to-vijayawada,DMR Travels,Non A/C Seater / Sleeper (2+1),22:35,05h 55m,04:30,3.4,INR 890,46 Seats available,282
Hyderabad to Vijayawada,https://www.redbus.in/bus-tickets/hyderabad-to-vijayawada,DMR Travels,Non A/C Seater / Sleeper (2+1),22:30,06h 00m,04:30,3.4,INR 890,32 Seats available,283
Hyderabad to Vijayawada,https://www.redbus.in/bus-tickets/hyderabad-to-vijayawada,Sai Godavari Travels,Non A/C Seater / Sleeper (2+1),20:30,07h 30m,04:00,3.4,949,24 Seats available,284
Hyderabad to Vijayawada,https://www.redbus.in/bus-tickets/hyderabad-to-vijayawada,DMR Travels,A/C Sleeper (2+1),21:16,06h 14m,03:30,3.3,INR 1440,22 Seats available,285
Hyderabad to Vijayawada,https://www.redbus.in/bus-tickets/hyderabad-to-vijayawada,DMR Travels,Non A/C Seater / Sleeper (2+1),22:12,06h 18m,04:30,3.3,INR 1090,35 Seats available,286
Hyderabad to Vijayawada,https://www.redbus.in/bus-tickets/hyderabad-to-vijayawada,DMR Travels,Non A/C Seater / Sleeper (2+1),22:35,05h 25m,04:00,3.3,INR 890,37 Seats available,287
Hyderabad to Vijayawada,https://www.redbus.in/bus-tickets/hyderabad-to-vijayawada,Ramana Tours And Travels,A/C Sleeper (2+1),17:45,07h 20m,01:05,3.7,873,37 Seats available,288
Hyderabad to Vijayawada,https://www.redbus.in/bus-tickets/hyderabad-to-vijayawada,SVR Tours and Travels,Volvo Multi-Axle A/C Sleeper (2+1),17:00,06h 50m,23:50,3.3,INR 800,21 Seats available,289
Hyderabad to Vijayawada,https://www.redbus.in/bus-tickets/hyderabad-to-vijayawada,Srivastav Travels,A/C Sleeper (2+1),21:35,06h 55m,04:30,3.1,INR 2799,31 Seats available,290
Hyderabad to Vijayawada,https://www.redbus.in/bus-tickets/hyderabad-to-vijayawada,Prasanna Travels,A/C Seater / Sleeper (2+1),23:40,05h 55m,05:35,3.1,INR 550,27 Seats available,291
Hyderabad to Vijayawada,https://www.redbus.in/bus-tickets/hyderabad-to-vijayawada,SVM Tours And Travels,Non A/C Seater / Sleeper (2+1),22:35,05h 45m,04:20,3.1,INR 666,30 Seats available,292
Hyderabad to Vijayawada,https://www.redbus.in/bus-tickets/hyderabad-to-vijayawada,Sri Tulasi Tours and Travels,A/C Seater / Sleeper (2+1),14:20,07h 40m,22:00,3.1,INR 1049,40 Seats available,293
Hyderabad to Vijayawada,https://www.redbus.in/bus-tickets/hyderabad-to-vijayawada,Sri Tulasi Tours and Travels,A/C Seater / Sleeper (2+1),14:50,08h 10m,23:00,3.1,INR 849,31 Seats available,294
Hyderabad to Vijayawada,https://www.redbus.in/bus-tickets/hyderabad-to-vijayawada,Sri Tulasi Tours and Travels,A/C Seater / Sleeper (2+1),16:45,07h 14m,23:59,2.8,INR 899,29 Seats available,295
Hyderabad to Vijayawada,https://www.redbus.in/bus-tickets/hyderabad-to-vijayawada,Krk Travels,Non A/C Seater / Sleeper (2+1),14:55,08h 05m,23:00,4.4,INR 999,40 Seats available,296
Hyderabad to Vijayawada,https://www.redbus.in/bus-tickets/hyderabad-to-vijayawada,DSM TRAVELS,A/C Seater / Sleeper (2+1),21:40,06h 30m,04:10,2.3,618,32 Seats available,297
Hyderabad to Vijayawada,https://www.redbus.in/bus-tickets/hyderabad-to-vijayawada,SANDHYA TRAVELS,Bharat Benz A/C Sleeper (2+1),23:05,06h 10m,05:15,3.2,INR 2900,31 Seats available,298
Hyderabad to Vijayawada,https://www.redbus.in/bus-tickets/hyderabad-to-vijayawada,KVR Tours and Travels,Scania Multi-Axle AC Seater (2+2),22:35,05h 40m,04:15,3.3,INR 3000,28 Seats available,299
Hyderabad to Vijayawada,https://www.redbus.in/bus-tickets/hyderabad-to-vijayawada,Sri Atluri Travels,A/C Seater / Sleeper (2+1),22:15,06h 52m,05:07,3.8,INR 670,28 Seats available,300
Hyderabad to Vijayawada,https://www.redbus.in/bus-tickets/hyderabad-to-vijayawada,KVR Tours and Travels,Non A/C Seater / Sleeper (2+1),22:30,04h 45m,03:15,3.0,INR 720,40 Seats available,301
Hyderabad to Vijayawada,https://www.redbus.in/bus-tickets/hyderabad-to-vijayawada,Sai Sri Durga Travels,Non A/C Seater / Sleeper (2+1),23:10,06h 35m,05:45,3.3,INR 675,30 Seats available,302
Hyderabad to Vijayawada,https://www.redbus.in/bus-tickets/hyderabad-to-vijayawada,Orange Tours And Travels,NON A/C Seater/ Sleeper (2+1),14:55,08h 25m,23:20,2.9,INR 600,36 Seats available,303
Hyderabad to Vijayawada,https://www.redbus.in/bus-tickets/hyderabad-to-vijayawada,Orange Tours And Travels,A/C Seater / Sleeper (2+1),16:10,08h 20m,00:30,2.9,INR 1200,38 Seats available,304
Hyderabad to Vijayawada,https://www.redbus.in/bus-tickets/hyderabad-to-vijayawada,Apple Travels,Non A/C Seater / Sleeper (2+1),22:18,05h 12m,03:30,2.5,INR 690,34 Seats available,305
Hyderabad to Vijayawada,https://www.redbus.in/bus-tickets/hyderabad-to-vijayawada,Orange Tours And Travels,NON A/C Seater/ Sleeper (2+1),13:50,07h 55m,21:45,3.3,INR 800,30 Seats available,306
Hyderabad to Vijayawada,https://www.redbus.in/bus-tickets/hyderabad-to-vijayawada,Prasanna Travels,A/C Seater / Sleeper (2+1),23:55,05h 55m,05:50,2.5,INR 550,40 Seats available,307
Hyderabad to Vijayawada,https://www.redbus.in/bus-tickets/hyderabad-to-vijayawada,KPS Buses,A/C Sleeper (2+1),21:15,07h 15m,04:30,2.3,2700,29 Seats available,308
Hyderabad to Vijayawada,https://www.redbus.in/bus-tickets/hyderabad-to-vijayawada,Morning Star Travels,A/C Sleeper (2+1),23:00,06h 05m,05:05,2.8,INR 590,27 Seats available,309
Hyderabad to Vijayawada,https://www.redbus.in/bus-tickets/hyderabad-to-vijayawada,YNR Travels,A/C Sleeper (2+1),00:30,05h 55m,06:25,2.5,613,32 Seats available,310
Hyderabad to Vijayawada,https://www.redbus.in/bus-tickets/hyderabad-to-vijayawada,Royal Varma Travels,Non A/C Seater / Sleeper (2+1),22:30,06h 20m,04:50,2.8,INR 550,34 Seats available,311
Hyderabad to Vijayawada,https://www.redbus.in/bus-tickets/hyderabad-to-vijayawada,Sri Siddi Ganapathi Travels,A/C Seater / Sleeper (2+1),22:20,06h 30m,04:50,2.6,INR 589,27 Seats available,312
Hyderabad to Vijayawada,https://www.redbus.in/bus-tickets/hyderabad-to-vijayawada,SVR Tours and Travels,A/C Seater / Sleeper (2+1),17:00,06h 50m,23:50,2.8,INR 580,31 Seats available,313
Hyderabad to Vijayawada,https://www.redbus.in/bus-tickets/hyderabad-to-vijayawada,Mayuri Travels,Non A/C Seater / Sleeper (2+1),16:22,07h 33m,23:55,2.3,INR 1340,27 Seats available,314
Hyderabad to Vijayawada,https://www.redbus.in/bus-tickets/hyderabad-to-vijayawada,J GAGANA TRAVELS,Non A/C Seater / Sleeper (2+1),22:15,05h 30m,03:45,3.1,684,29 Seats available,315
Hyderabad to Vijayawada,https://www.redbus.in/bus-tickets/hyderabad-to-vijayawada,Srivastav Travels,Non A/C Seater / Sleeper (2+1),22:30,05h 30m,04:00,1.7,INR 779,34 Seats available,316
Hyderabad to Vijayawada,https://www.redbus.in/bus-tickets/hyderabad-to-vijayawada,Sai Dasari Travels,Volvo Multi-Axle A/C Sleeper (2+1),23:05,05h 22m,04:27,2.8,990,29 Seats available,317
Hyderabad to Vijayawada,https://www.redbus.in/bus-tickets/hyderabad-to-vijayawada,Shyamoli Paribahan Pvt Ltd,Volvo 9600 A/C Seater/Sleeper (2+1),16:20,07h 35m,23:55,2.8,949,35 Seats available,318
Hyderabad to Vijayawada,https://www.redbus.in/bus-tickets/hyderabad-to-vijayawada,Sri Krishna Travels,Volvo Multi-Axle A/C Sleeper (2+1),21:30,06h 30m,04:00,2.8,INR 1000,21 Seats available,319
Hyderabad to Vijayawada,https://www.redbus.in/bus-tickets/hyderabad-to-vijayawada,Vasireddy Travels,Volvo Multi Axle B9R A/C Sleeper (2+1),23:15,06h 15m,05:30,2.2,INR 399,12 Seats available,320
Hyderabad to Vijayawada,https://www.redbus.in/bus-tickets/hyderabad-to-vijayawada,Morning Star Travels,A/C Sleeper (2+1),22:20,06h 40m,05:00,1.2,INR 790,40 Seats available,321
Hyderabad to Vijayawada,https://www.redbus.in/bus-tickets/hyderabad-to-vijayawada,SSK Travels,Non A/C Seater / Sleeper (2+1),22:50,05h 25m,04:15,1.0,INR 2999,30 Seats available,322
Hyderabad to Vijayawada,https://www.redbus.in/bus-tickets/hyderabad-to-vijayawada,Morning Star Travels,A/C Sleeper (2+1),22:20,06h 00m,04:20,1.4,INR 790,39 Seats available,323
Hyderabad to Vijayawada,https://www.redbus.in/bus-tickets/hyderabad-to-vijayawada,Tranzindia Travels,Scania AC Multi Axle Sleeper (2+1),21:45,05h 30m,03:15,2.6,INR 1199,44 Seats available,324
Hyderabad to Vijayawada,https://www.redbus.in/bus-tickets/hyderabad-to-vijayawada,KKaveri Travels,Non A/C Seater / Sleeper (2+1),15:45,07h 45m,23:30,1.6,INR 1060,30 Seats available,325
Hyderabad to Vijayawada,https://www.redbus.in/bus-tickets/hyderabad-to-vijayawada,VENKATA VYSHNAVI TRAVELS,A/C Seater / Sleeper (2+1),00:20,05h 10m,05:30,2.7,INR 3999,30 Seats available,326
Hyderabad to Vijayawada,https://www.redbus.in/bus-tickets/hyderabad-to-vijayawada,Kaveri Travels,Non A/C Seater / Sleeper (2+1),22:20,06h 10m,04:30,2.7,INR 750,34 Seats available,327
Hyderabad to Vijayawada,https://www.redbus.in/bus-tickets/hyderabad-to-vijayawada,Moonlight Travels,A/C Sleeper (2+1),23:15,06h 00m,05:15,2.7,INR 950,34 Seats available,328
Hyderabad to Vijayawada,https://www.redbus.in/bus-tickets/hyderabad-to-vijayawada,LimoLiner,A/C Sleeper (2+1),20:55,07h 05m,04:00,2.7,INR 939,27 Seats available,329
Hyderabad to Vijayawada,https://www.redbus.in/bus-tickets/hyderabad-to-vijayawada,Morning Star Travels,A/C Sleeper (2+1),22:20,05h 35m,03:55,4.4,INR 990,23 Seats available,330
Hyderabad to Vijayawada,https://www.redbus.in/bus-tickets/hyderabad-to-vijayawada,Sri Karan Sai Tours and Travels,Non A/C Seater / Sleeper (2+1),21:00,07h 00m,04:00,4.2,INR 670,31 Seats available,331
Hyderabad to Vijayawada,https://www.redbus.in/bus-tickets/hyderabad-to-vijayawada,AVR Travels,A/C Seater / Sleeper (2+1),23:15,06h 00m,05:15,2.5,3799,21 Seats available,332
Hyderabad to Vijayawada,https://www.redbus.in/bus-tickets/hyderabad-to-vijayawada,Morning Star Travels,A/C Sleeper (2+1),23:00,05h 30m,04:30,2.5,INR 790,30 Seats available,333
Hyderabad to Vijayawada,https://www.redbus.in/bus-tickets/hyderabad-to-vijayawada,DHANUNJAYA TRAVELS,A/C Sleeper (2+1),05:20,05h 40m,11:00,4.2,INR 3000,19 Seats available,334
Hyderabad to Vijayawada,https://www.redbus.in/bus-tickets/hyderabad-to-vijayawada,Morning Star Travels,A/C Sleeper (2+1),23:00,06h 20m,05:20,4.1,INR 590,27 Seats available,335
Hyderabad to Vijayawada,https://www.redbus.in/bus-tickets/hyderabad-to-vijayawada,KKaveri Travels,A/C Sleeper (2+1),14:14,06h 46m,21:00,2.4,INR 2890,30 Seats available,336
Hyderabad to Vijayawada,https://www.redbus.in/bus-tickets/hyderabad-to-vijayawada,Srivastav Travels,A/C Sleeper (2+1),21:20,07h 05m,04:25,2.3,INR 599,26 Seats available,337
Hyderabad to Vijayawada,https://www.redbus.in/bus-tickets/hyderabad-to-vijayawada,KKaveri Travels,Non A/C Seater / Sleeper (2+1),18:15,07h 45m,02:00,2.2,INR 890,2 Seats available,338
Hyderabad to Vijayawada,https://www.redbus.in/bus-tickets/hyderabad-to-vijayawada,KKaveri Travels,Non A/C Seater / Sleeper (2+1),18:55,07h 35m,02:30,4.0,INR 890,44 Seats available,339
Hyderabad to Vijayawada,https://www.redbus.in/bus-tickets/hyderabad-to-vijayawada,KKaveri Travels,Non A/C Seater / Sleeper (2+1),18:55,07h 35m,02:30,4.0,INR 1060,40 Seats available,340
Hyderabad to Vijayawada,https://www.redbus.in/bus-tickets/hyderabad-to-vijayawada,KKaveri Travels,Non A/C Seater / Sleeper (2+1),18:15,07h 45m,02:00,4.0,INR 3330,44 Seats available,341
Hyderabad to Vijayawada,https://www.redbus.in/bus-tickets/hyderabad-to-vijayawada,KPS Buses,A/C Seater / Sleeper (2+1),15:00,07h 40m,22:40,3.5,4500,44 Seats available,342
Hyderabad to Vijayawada,https://www.redbus.in/bus-tickets/hyderabad-to-vijayawada,Sri Rama Travels,A/C Seater / Sleeper (2+1),22:25,05h 50m,04:15,2.1,INR 720,36 Seats available,343
Hyderabad to Vijayawada,https://www.redbus.in/bus-tickets/hyderabad-to-vijayawada,Rainbow Tours And Travels,Non A/C Seater / Sleeper (2+1),22:30,06h 00m,04:30,3.9,INR 780,30 Seats available,344
Hyderabad to Vijayawada,https://www.redbus.in/bus-tickets/hyderabad-to-vijayawada,Rainbow Tours And Travels,A/C Seater/Sleeper (2+1),20:40,04h 40m,01:20,3.9,INR 1220,34 Seats available,345
Hyderabad to Vijayawada,https://www.redbus.in/bus-tickets/hyderabad-to-vijayawada,Sri Rama Travels,Non A/C Seater / Sleeper (2+1),22:40,05h 35m,04:15,3.9,INR 890,34 Seats available,346
Hyderabad to Vijayawada,https://www.redbus.in/bus-tickets/hyderabad-to-vijayawada,Sri KVR Travels,Non A/C Seater / Sleeper (2+1),16:42,07h 17m,23:59,3.9,INR 899,45 Seats available,347
Hyderabad to Vijayawada,https://www.redbus.in/bus-tickets/hyderabad-to-vijayawada,Siri Tours and Travels,Non A/C Seater / Sleeper (2+1),22:01,06h 14m,04:15,3.9,INR 670,33 Seats available,348
Hyderabad to Vijayawada,https://www.redbus.in/bus-tickets/hyderabad-to-vijayawada,Tranzindia Travels,Volvo Multi-Axle A/C Sleeper (2+1),21:40,06h 10m,03:50,3.9,INR 1149,32 Seats available,349
Hyderabad to Vijayawada,https://www.redbus.in/bus-tickets/hyderabad-to-vijayawada,Surya Dream Liner,NON A/C Sleeper (2+1),22:58,06h 12m,05:10,1.7,INR 3000,27 Seats available,350
Hyderabad to Vijayawada,https://www.redbus.in/bus-tickets/hyderabad-to-vijayawada,Shree Manikanta Travels,A/C Seater / Sleeper (2+1),13:50,06h 00m,19:50,1.7,INR 599,21 Seats available,351
Hyderabad to Vijayawada,https://www.redbus.in/bus-tickets/hyderabad-to-vijayawada,SAMANVI CITICONNECT,Non A/C Seater / Sleeper (2+1),21:55,05h 50m,03:45,1.7,INR 780,32 Seats available,352
Hyderabad to Vijayawada,https://www.redbus.in/bus-tickets/hyderabad-to-vijayawada,Komali Travels,Non A/C Seater / Sleeper (2+1),21:55,05h 35m,03:30,3.8,INR 3000,25 Seats available,353
Hyderabad to Vijayawada,https://www.redbus.in/bus-tickets/hyderabad-to-vijayawada,Sree Raghavendra Travels,NON A/C Semi Sleeper (2+1),23:30,05h 30m,05:00,2.5,INR 2999,31 Seats available,354
Hyderabad to Vijayawada,https://www.redbus.in/bus-tickets/hyderabad-to-vijayawada,AVR Travels,A/C Seater (2+2),23:40,06h 05m,05:45,3.8,2849,20 Seats available,355
Hyderabad to Vijayawada,https://www.redbus.in/bus-tickets/hyderabad-to-vijayawada,Puri Jagannadh Tours And Travels,Non A/C Seater / Sleeper (2+1),19:15,07h 30m,02:45,5.0,INR 777,32 Seats available,356
Hyderabad to Vijayawada,https://www.redbus.in/bus-tickets/hyderabad-to-vijayawada,Puri Jagannadh Tours And Travels,Non A/C Seater / Sleeper (2+1),19:15,07h 30m,02:45,3.8,INR 1555,31 Seats available,357
Hyderabad to Vijayawada,https://www.redbus.in/bus-tickets/hyderabad-to-vijayawada,Puri Jagannadh Tours And Travels,Non A/C Seater / Sleeper (2+1),20:34,07h 11m,03:45,3.8,INR 3000,41 Seats available,358
Hyderabad to Vijayawada,https://www.redbus.in/bus-tickets/hyderabad-to-vijayawada,Mayuri Travels,Non A/C Seater / Sleeper (2+1),16:45,07h 10m,23:55,1.0,INR 999,27 Seats available,359
Hyderabad to Vijayawada,https://www.redbus.in/bus-tickets/hyderabad-to-vijayawada,Mayuri Travels,Non A/C Seater / Sleeper (2+1),16:45,07h 10m,23:55,2.3,INR 900,30 Seats available,360
Hyderabad to Vijayawada,https://www.redbus.in/bus-tickets/hyderabad-to-vijayawada,VAHINI Travels,Non A/C Seater / Sleeper (2+1),20:41,07h 49m,04:30,3.7,INR 780,21 Seats available,361
Hyderabad to Vijayawada,https://www.redbus.in/bus-tickets/hyderabad-to-vijayawada,Vikram Travels,A/C Sleeper (2+1),20:30,06h 30m,03:00,3.7,INR 899,31 Seats available,362
Hyderabad to Vijayawada,https://www.redbus.in/bus-tickets/hyderabad-to-vijayawada,Vikram Travels,VE A/C Sleeper (2+1),04:40,05h 00m,09:40,3.7,INR 1419,34 Seats available,363
Hyderabad to Vijayawada,https://www.redbus.in/bus-tickets/hyderabad-to-vijayawada,Vikram Travels,A/C Sleeper (2+1),20:50,05h 10m,02:00,3.7,INR 799,31 Seats available,364
Hyderabad to Vijayawada,https://www.redbus.in/bus-tickets/hyderabad-to-vijayawada,Mahi Trans Solutions,Non A/C Seater / Sleeper (2+1),21:35,06h 40m,04:15,3.7,603,32 Seats available,365
Hyderabad to Vijayawada,https://www.redbus.in/bus-tickets/hyderabad-to-vijayawada,Mahi Trans Solutions,Non A/C Seater / Sleeper (2+1),22:00,06h 15m,04:15,3.7,INR 560,30 Seats available,366
Hyderabad to Vijayawada,https://www.redbus.in/bus-tickets/hyderabad-to-vijayawada,Mahi Trans Solutions,Non A/C Seater / Sleeper (2+1),21:30,07h 00m,04:30,3.7,504,23 Seats available,367
Hyderabad to Vijayawada,https://www.redbus.in/bus-tickets/hyderabad-to-vijayawada,BSR Tours And Travels,A/C Sleeper (2+1),22:00,06h 00m,04:00,3.7,INR 880,28 Seats available,368
Hyderabad to Vijayawada,https://www.redbus.in/bus-tickets/hyderabad-to-vijayawada,Kalyani Transport,Non A/C Seater / Sleeper (2+1),20:45,06h 35m,03:20,3.7,INR 670,26 Seats available,369
Hyderabad to Vijayawada,https://www.redbus.in/bus-tickets/hyderabad-to-vijayawada,Navayuga Travels,NON AC Seater / Sleeper 2+1,13:25,07h 45m,21:10,3.6,INR 5000,40 Seats available,370
Hyderabad to Vijayawada,https://www.redbus.in/bus-tickets/hyderabad-to-vijayawada,SRI MARUTHI TRAVELS,A/C Sleeper (2+1),21:35,05h 55m,03:30,3.6,INR 940,50 Seats available,371
Hyderabad to Vijayawada,https://www.redbus.in/bus-tickets/hyderabad-to-vijayawada,Mahi Trans Solutions,A/C Sleeper (2+1),22:40,05h 35m,04:15,3.6,INR 2499,30 Seats available,372
Hyderabad to Vijayawada,https://www.redbus.in/bus-tickets/hyderabad-to-vijayawada,Sai Srinivasa Travels,A/C Seater / Sleeper (2+1),22:40,06h 10m,04:50,3.5,INR 2999,27 Seats available,373
Hyderabad to Vijayawada,https://www.redbus.in/bus-tickets/hyderabad-to-vijayawada,Sai Sri Krishna Travels,A/C Seater / Sleeper (2+1),22:40,05h 50m,04:30,3.5,INR 1999,42 Seats available,374
Hyderabad to Vijayawada,https://www.redbus.in/bus-tickets/hyderabad-to-vijayawada,V Kaveri Travels,A/C Sleeper (2+1),22:20,06h 25m,04:45,3.4,INR 1000,36 Seats available,375
Hyderabad to Vijayawada,https://www.redbus.in/bus-tickets/hyderabad-to-vijayawada,SS Prasanna Travels,A/C Seater (2+2),23:50,05h 15m,05:05,3.4,INR 3999,14 Seats available,376
Hyderabad to Vijayawada,https://www.redbus.in/bus-tickets/hyderabad-to-vijayawada,LVP Travels,Non A/C Seater / Sleeper (2+1),22:05,06h 05m,04:10,3.3,612,18 Seats available,377
Hyderabad to Vijayawada,https://www.redbus.in/bus-tickets/hyderabad-to-vijayawada,LVP Travels,Non A/C Seater / Sleeper (2+1),22:20,06h 10m,04:30,3.3,522,31 Seats available,378
Hyderabad to Vijayawada,https://www.redbus.in/bus-tickets/hyderabad-to-vijayawada,Sri Sai Balaji Travels,NON A/C Semi Sleeper / Sleeper (2+1),17:20,05h 15m,22:35,3.3,INR 900,13 Seats available,379
Hyderabad to Vijayawada,https://www.redbus.in/bus-tickets/hyderabad-to-vijayawada,LVP Travels,Non A/C Seater / Sleeper (2+1),21:50,06h 30m,04:20,3.2,INR 580,35 Seats available,380
Hyderabad to Vijayawada,https://www.redbus.in/bus-tickets/hyderabad-to-vijayawada,Sri Sai Balaji Travels,NON A/C Semi Sleeper / Sleeper (2+1),14:00,08h 40m,22:40,3.2,INR 3999,20 Seats available,381
Hyderabad to Vijayawada,https://www.redbus.in/bus-tickets/hyderabad-to-vijayawada,Mahadevv travels,NON A/C Sleeper (2+1),22:35,06h 00m,04:35,3.2,741,30 Seats available,382
Hyderabad to Vijayawada,https://www.redbus.in/bus-tickets/hyderabad-to-vijayawada,SRI SAI BALAJI TOURS AND TRAVELS,A/C Seater / Sleeper (2+1),14:45,07h 40m,22:25,3.2,INR 1500,30 Seats available,383
Hyderabad to Vijayawada,https://www.redbus.in/bus-tickets/hyderabad-to-vijayawada,SRI SAI BALAJI TOURS AND TRAVELS,A/C Seater / Sleeper (2+1),14:45,07h 50m,22:35,3.2,INR 2999,30 Seats available,384
Hyderabad to Vijayawada,https://www.redbus.in/bus-tickets/hyderabad-to-vijayawada,SREE VENKATESHWARA TRAVELS,Non A/C Seater / Sleeper (2+1),22:25,05h 35m,04:00,3.2,648,28 Seats available,385
Hyderabad to Vijayawada,https://www.redbus.in/bus-tickets/hyderabad-to-vijayawada,SREE VENKATESHWARA TRAVELS,A/C Seater / Sleeper (2+1),22:25,05h 35m,04:00,3.1,4500,30 Seats available,386
Hyderabad to Vijayawada,https://www.redbus.in/bus-tickets/hyderabad-to-vijayawada,Sri Keerthana Sai Travels,Non A/C Seater / Sleeper (2+1),16:25,07h 20m,23:45,3.1,INR 890,42 Seats available,387
Hyderabad to Vijayawada,https://www.redbus.in/bus-tickets/hyderabad-to-vijayawada,Srivastav Travels,NON A/C Sleeper (2+1),21:20,07h 05m,04:25,3.1,INR 1799,28 Seats available,388
Hyderabad to Vijayawada,https://www.redbus.in/bus-tickets/hyderabad-to-vijayawada,KVR Tours and Travels,A/C Sleeper (2+1),20:30,05h 35m,02:05,3.0,INR 3000,33 Seats available,389
Hyderabad to Vijayawada,https://www.redbus.in/bus-tickets/hyderabad-to-vijayawada,KVR Tours and Travels,A/C Sleeper (2+1),21:30,06h 45m,04:15,3.0,INR 3000,27 Seats available,390
Hyderabad to Vijayawada,https://www.redbus.in/bus-tickets/hyderabad-to-vijayawada,SANDHYA TRAVELS,Bharat Benz A/C Sleeper (2+1),23:00,06h 10m,05:10,3.0,INR 2800,25 Seats available,391
Hyderabad to Vijayawada,https://www.redbus.in/bus-tickets/hyderabad-to-vijayawada,SAI PRASANNA TRAVELS,Non A/C Seater / Sleeper (2+1),21:30,07h 30m,05:00,3.0,INR 2111,40 Seats available,392
Hyderabad to Vijayawada,https://www.redbus.in/bus-tickets/hyderabad-to-vijayawada,Sri Atluri Travels,Non A/C Seater / Sleeper (2+1),22:18,05h 32m,03:50,3.0,INR 720,37 Seats available,393
Hyderabad to Vijayawada,https://www.redbus.in/bus-tickets/hyderabad-to-vijayawada,Sri Atluri Travels,NON AC Seater / Sleeper 2+1,20:05,08h 15m,04:20,2.9,INR 670,28 Seats available,394
Hyderabad to Vijayawada,https://www.redbus.in/bus-tickets/hyderabad-to-vijayawada,Sri Atluri Travels,NON AC Seater / Sleeper 2+1,22:10,06h 10m,04:20,2.9,INR 670,43 Seats available,395
Hyderabad to Vijayawada,https://www.redbus.in/bus-tickets/hyderabad-to-vijayawada,Sri Atluri Travels,NON A/C Hi-Tech (2+2),22:15,05h 45m,04:00,1.0,INR 450,27 Seats available,396
Hyderabad to Vijayawada,https://www.redbus.in/bus-tickets/hyderabad-to-vijayawada,YNR Travels,A/C Sleeper (2+1),00:45,30h 00m,06:45,2.8,902,21 Seats available,397
Hyderabad to Vijayawada,https://www.redbus.in/bus-tickets/hyderabad-to-vijayawada,Mozo travels,A/C Seater / Sleeper (2+1),22:35,06h 10m,04:45,2.8,INR 549,27 Seats available,398
Hyderabad to Vijayawada,https://www.redbus.in/bus-tickets/hyderabad-to-vijayawada,Ajay Bus,A/C Seater / Sleeper (2+1),19:31,06h 44m,02:15,2.8,INR 660,31 Seats available,399
Hyderabad to Vijayawada,https://www.redbus.in/bus-tickets/hyderabad-to-vijayawada,Ajay Bus,Non A/C Seater / Sleeper (2+1),22:30,05h 30m,04:00,2.5,INR 670,29 Seats available,400
Hyderabad to Vijayawada,https://www.redbus.in/bus-tickets/hyderabad-to-vijayawada,SVR Tours and Travels,Volvo Multi-Axle A/C Sleeper (2+1),15:00,07h 00m,22:00,2.7,INR 900,31 Seats available,401
Hyderabad to Vijayawada,https://www.redbus.in/bus-tickets/hyderabad-to-vijayawada,Dharani Tours and Travels,Non A/C Seater / Sleeper (2+1),21:30,06h 50m,04:20,2.5,INR 1499,8 Seats available,402
Hyderabad to Vijayawada,https://www.redbus.in/bus-tickets/hyderabad-to-vijayawada,SVR Tours and Travels,Volvo Multi-Axle A/C Sleeper (2+1),17:00,06h 50m,23:50,2.5,INR 1100,18 Seats available,403
Hyderabad to Vijayawada,https://www.redbus.in/bus-tickets/hyderabad-to-vijayawada,Vasireddy Travels,2+1 Air Suspension A/C Seater / Sleeper,23:15,06h 15m,05:30,2.3,INR 399,31 Seats available,404
Hyderabad to Vijayawada,https://www.redbus.in/bus-tickets/hyderabad-to-vijayawada,Dharani Tours and Travels,Non A/C Seater / Sleeper (2+1),21:50,05h 30m,03:20,2.3,INR 1699,31 Seats available,405
Hyderabad to Vijayawada,https://www.redbus.in/bus-tickets/hyderabad-to-vijayawada,J GAGANA TRAVELS,Non A/C Seater / Sleeper (2+1),22:15,05h 30m,03:45,2.3,684,31 Seats available,406
Hyderabad to Vijayawada,https://www.redbus.in/bus-tickets/hyderabad-to-vijayawada,SRI VEERANJANEYA TOURS AND TRAVELS,A/C Sleeper (2+1),22:55,05h 35m,04:30,2.3,INR 6000,31 Seats available,407
Hyderabad to Vijayawada,https://www.redbus.in/bus-tickets/hyderabad-to-vijayawada,VR Travels,Non A/C Seater / Sleeper (2+1),22:15,06h 10m,04:25,2.3,INR 4000,31 Seats available,408
Hyderabad to Vijayawada,https://www.redbus.in/bus-tickets/hyderabad-to-vijayawada,Meghana Travels,Non A/C Seater / Sleeper (2+1),21:50,06h 35m,04:25,2.3,759,38 Seats available,409
Hyderabad to Vijayawada,https://www.redbus.in/bus-tickets/hyderabad-to-vijayawada,Meghana Travels,A/C Seater / Sleeper (2+1),22:40,06h 05m,04:45,1.9,808,26 Seats available,410
Hyderabad to Vijayawada,https://www.redbus.in/bus-tickets/hyderabad-to-vijayawada,Meghana Travels,A/C Seater / Sleeper (2+1),22:10,05h 30m,03:40,2.0,4750,31 Seats available,411
Hyderabad to Vijayawada,https://www.redbus.in/bus-tickets/hyderabad-to-vijayawada,Mahi Trans Solutions,A/C Sleeper (2+1),22:45,05h 38m,04:23,1.9,1079,31 Seats available,412
Hyderabad to Vijayawada,https://www.redbus.in/bus-tickets/hyderabad-to-vijayawada,KKaveri Travels,A/C Sleeper (2+1),21:45,06h 15m,04:00,1.6,INR 1200,39 Seats available,413
Hyderabad to Vijayawada,https://www.redbus.in/bus-tickets/hyderabad-to-vijayawada,MY YATRA BUS,A/C Sleeper (2+1),20:45,06h 15m,03:00,1.4,INR 3000,37 Seats available,414
Hyderabad to Vijayawada,https://www.redbus.in/bus-tickets/hyderabad-to-vijayawada,MY YATRA BUS,A/C Sleeper (2+1),20:55,07h 50m,04:45,1.4,INR 3000,31 Seats available,415
Hyderabad to Vijayawada,https://www.redbus.in/bus-tickets/hyderabad-to-vijayawada,Tranzindia Travels,Scania AC Multi Axle Sleeper (2+1),22:40,06h 05m,04:45,1.4,INR 1149,27 Seats available,416
Hyderabad to Vijayawada,https://www.redbus.in/bus-tickets/hyderabad-to-vijayawada,Tranzindia Travels,Bharat Benz A/C Sleeper (2+1),21:45,06h 20m,04:05,1.4,INR 1099,31 Seats available,417
Hyderabad to Vijayawada,https://www.redbus.in/bus-tickets/hyderabad-to-vijayawada,Tranzindia Travels,Scania AC Multi Axle Sleeper (2+1),22:40,06h 05m,04:45,1.0,INR 1149,30 Seats available,418
Hyderabad to Vijayawada,https://www.redbus.in/bus-tickets/hyderabad-to-vijayawada,Tranzindia Travels,Scania AC Multi Axle Sleeper (2+1),20:10,06h 20m,02:30,3.0,INR 1400,31 Seats available,419
Hyderabad to Vijayawada,https://www.redbus.in/bus-tickets/hyderabad-to-vijayawada,Sri Krishna Travels,NON A/C Sleeper (2+1),21:30,06h 30m,04:00,3.9,INR 3500,29 Seats available,420
Hyderabad to Vijayawada,https://www.redbus.in/bus-tickets/hyderabad-to-vijayawada,Tranzindia Travels,Bharat Benz A/C Sleeper (2+1),20:00,05h 45m,01:45,4.2,INR 1349,30 Seats available,421
Hyderabad to Vijayawada,https://www.redbus.in/bus-tickets/hyderabad-to-vijayawada,Elegance Tours And Travels Pvt Ltd,Bharat Benz A/C Sleeper (2+1),20:35,06h 10m,02:45,3.7,1520,30 Seats available,422
Hyderabad to Vijayawada,https://www.redbus.in/bus-tickets/hyderabad-to-vijayawada,SSK Travels,A/C Sleeper (2+1),22:50,05h 25m,04:15,4.5,INR 2999,33 Seats available,423
Hyderabad to Vijayawada,https://www.redbus.in/bus-tickets/hyderabad-to-vijayawada,Elegance Tours And Travels Pvt Ltd,Bharat Benz A/C Sleeper (2+1),20:35,06h 10m,02:45,4.7,1520,20 Seats available,424
Hyderabad to Vijayawada,https://www.redbus.in/bus-tickets/hyderabad-to-vijayawada,Sai Durga Travels,A/C Seater / Sleeper (2+1),22:35,06h 25m,05:00,4.5,INR 5000,32 Seats available,425
Hyderabad to Vijayawada,https://www.redbus.in/bus-tickets/hyderabad-to-vijayawada,Naveen Tours and Travels,A/C Seater/Sleeper (2+1),20:50,07h 25m,04:15,3.6,INR 3999,22 Seats available,426
